,0
2022-11-02 06:00:00,26.726666666666667
2022-11-02 06:05:00,90.34066666666668
2022-11-02 06:10:00,102.44000000000001
2022-11-02 06:15:00,102.44000000000001
2022-11-02 06:20:00,124.904
2022-11-02 06:25:00,163.79666666666668
2022-11-02 06:30:00,216.92533333333336
2022-11-02 06:35:00,216.92533333333336
2022-11-02 06:40:00,215.8
2022-11-02 06:45:00,213.10133333333337
2022-11-02 06:50:00,213.10133333333337
2022-11-02 06:55:00,208.936
2022-11-02 07:00:00,212.4333333333333
2022-11-02 07:05:00,154.02
2022-11-02 07:10:00,145.84666666666664
2022-11-02 07:15:00,214.51800000000003
2022-11-02 07:20:00,232.0993333333334
2022-11-02 07:25:00,251.1566666666667
2022-11-02 07:30:00,251.1566666666667
2022-11-02 07:35:00,276.13199999999995
2022-11-02 07:40:00,283.584
2022-11-02 07:45:00,311.86
2022-11-02 07:50:00,328.64400000000006
2022-11-02 07:55:00,345.6166666666667
2022-11-02 08:00:00,364.76
2022-11-02 08:05:00,383.40200000000004
2022-11-02 08:10:00,383.40200000000004
2022-11-02 08:15:00,383.884
2022-11-02 08:20:00,380.06
2022-11-02 08:25:00,403.66666666666663
2022-11-02 08:30:00,403.66666666666663
2022-11-02 08:35:00,405.48
2022-11-02 08:40:00,413.7966666666666
2022-11-02 08:45:00,435.116
2022-11-02 08:50:00,435.116
2022-11-02 08:55:00,447.6466666666667
2022-11-02 09:00:00,449.04799999999994
2022-11-02 09:05:00,439.75999999999993
2022-11-02 09:10:00,439.75999999999993
2022-11-02 09:15:00,450.37
2022-11-02 09:20:00,456.408
2022-11-02 09:25:00,462.0533333333334
2022-11-02 09:30:00,462.0533333333334
2022-11-02 09:35:00,492.09333333333325
2022-11-02 09:40:00,498.9266666666666
2022-11-02 09:45:00,511.26800000000003
2022-11-02 09:50:00,511.26800000000003
2022-11-02 09:55:00,529.4166666666666
2022-11-02 10:00:00,535.26
2022-11-02 10:05:00,539.9
2022-11-02 10:10:00,550.9733333333334
2022-11-02 10:15:00,558.668
2022-11-02 10:20:00,571.8466666666666
2022-11-02 10:25:00,597.0966666666666
2022-11-02 10:30:00,597.0966666666666
2022-11-02 10:35:00,605.7573333333332
2022-11-02 10:40:00,611.3966666666668
2022-11-02 10:45:00,611.3966666666668
2022-11-02 10:50:00,619.877380952381
2022-11-02 10:55:00,607.1077142857143
2022-11-02 11:00:00,597.3566666666668
2022-11-02 11:05:00,613.984
2022-11-02 11:10:00,613.984
2022-11-02 11:15:00,614.5039999999999
2022-11-02 11:20:00,625.9333333333333
2022-11-02 11:25:00,625.9333333333333
2022-11-02 11:30:00,685.5133333333334
2022-11-02 11:35:00,701.336
2022-11-02 11:40:00,703.25
2022-11-02 11:45:00,703.3933333333334
2022-11-02 11:50:00,693.876
2022-11-02 11:55:00,693.4166666666666
2022-11-02 12:00:00,689.024
2022-11-02 12:05:00,689.024
2022-11-02 12:10:00,662.55
2022-11-02 12:15:00,644.04
2022-11-02 12:20:00,648.164
2022-11-02 12:25:00,679.1833333333332
2022-11-02 12:30:00,680.4293333333334
2022-11-02 12:35:00,691.096
2022-11-02 12:40:00,703.5533333333333
2022-11-02 12:45:00,703.5533333333333
2022-11-02 12:50:00,724.48
2022-11-02 12:55:00,736.6833333333333
2022-11-02 13:00:00,742.736
2022-11-02 13:05:00,742.736
2022-11-02 13:10:00,733.0666666666666
2022-11-02 13:15:00,755.2433333333332
2022-11-02 13:20:00,756.7640000000001
2022-11-02 13:25:00,756.7640000000001
2022-11-02 13:30:00,762.3266666666666
2022-11-02 13:35:00,780.46
2022-11-02 13:40:00,763.6666666666667
2022-11-02 13:45:00,763.6666666666667
2022-11-02 13:50:00,752.936
2022-11-02 13:55:00,735.8566666666667
2022-11-02 14:00:00,743.6266666666668
2022-11-02 14:05:00,743.6266666666668
2022-11-02 14:10:00,715.7166666666667
2022-11-02 14:15:00,744.1679999999999
2022-11-02 14:20:00,744.1679999999999
2022-11-02 14:25:00,733.9200000000002
2022-11-02 14:30:00,716.8566666666668
2022-11-02 14:35:00,710.688
2022-11-02 14:40:00,711.1133333333335
2022-11-02 14:45:00,718.4566666666667
2022-11-02 14:50:00,727.9999999999999
2022-11-02 14:55:00,739.24
2022-11-02 15:00:00,739.24
2022-11-02 15:05:00,737.365
2022-11-02 15:10:00,726.33
2022-11-02 15:15:00,743.97
2022-11-02 15:20:00,759.24
2022-11-02 15:25:00,759.3633333333333
2022-11-02 15:30:00,763.1266666666666
2022-11-02 15:35:00,760.512
2022-11-02 15:40:00,760.512
2022-11-02 15:45:00,765.2933333333333
2022-11-02 15:50:00,759.4159999999999
2022-11-02 15:55:00,761.3666666666666
2022-11-02 16:00:00,761.3666666666666
2022-11-02 16:05:00,751.0519999999999
2022-11-02 16:10:00,768.1533333333333
2022-11-02 16:15:00,772.8833333333333
2022-11-02 16:20:00,772.8833333333333
2022-11-02 16:25:00,765.0559999999999
2022-11-02 16:30:00,755.4799999999999
2022-11-02 16:35:00,744.8
2022-11-02 16:40:00,744.8
2022-11-02 16:45:00,743.71
2022-11-02 16:50:00,729.52
2022-11-02 16:55:00,734.8833333333333
2022-11-02 17:00:00,734.8833333333333
2022-11-02 17:05:00,754.3
2022-11-02 17:10:00,749.7733333333333
2022-11-02 17:15:00,761.5199999999999
2022-11-02 17:20:00,761.5199999999999
2022-11-02 17:25:00,763.6433333333333
2022-11-02 17:30:00,764.9833333333332
2022-11-02 17:35:00,761.628
2022-11-02 17:40:00,750.91
2022-11-02 17:45:00,747.5866666666666
2022-11-02 17:50:00,745.948
2022-11-02 17:55:00,740.7566666666668
2022-11-02 18:00:00,740.7566666666668
2022-11-02 18:05:00,736.9399999999999
2022-11-02 18:10:00,727.2466666666667
2022-11-02 18:15:00,727.2466666666667
2022-11-02 18:20:00,723.188
2022-11-02 18:25:00,715.6233333333333
2022-11-02 18:30:00,710.6200000000001
2022-11-02 18:35:00,707.616
2022-11-02 18:40:00,707.616
2022-11-02 18:45:00,697.804
2022-11-02 18:50:00,696.3166666666667
2022-11-02 18:55:00,696.3166666666667
2022-11-02 19:00:00,687.71
2022-11-02 19:05:00,684.72
2022-11-02 19:10:00,674.1733333333334
2022-11-02 19:15:00,665.13
2022-11-02 19:20:00,662.4480000000001
2022-11-02 19:25:00,657.2533333333333
2022-11-02 19:30:00,654.6599999999999
2022-11-02 19:35:00,654.6599999999999
2022-11-02 19:40:00,650.2466666666667
2022-11-02 19:45:00,643.7099999999999
2022-11-02 19:50:00,638.1800000000001
2022-11-02 19:55:00,630.9533333333333
2022-11-02 20:00:00,623.9166666666666
2022-11-02 20:05:00,616.9959999999999
2022-11-02 20:10:00,610.3000000000001
2022-11-02 20:15:00,610.3000000000001
2022-11-02 20:20:00,602.528
2022-11-02 20:25:00,594.4933333333335
2022-11-02 20:30:00,582.5360000000001
2022-11-02 20:35:00,582.5360000000001
2022-11-02 20:40:00,576.3733333333333
2022-11-02 20:45:00,569.0866666666666
2022-11-02 20:50:00,563.932
2022-11-02 20:55:00,563.932
2022-11-02 21:00:00,552.4599999999999
2022-11-02 21:05:00,542.6833333333333
2022-11-02 21:10:00,535.3533333333332
2022-11-02 21:15:00,535.3533333333332
2022-11-02 21:20:00,528.7520000000001
2022-11-02 21:25:00,524.0600000000001
2022-11-02 21:30:00,517.8966666666666
2022-11-02 21:35:00,517.8966666666666
2022-11-02 21:40:00,505.39
2022-11-02 21:45:00,499.56000000000006
2022-11-02 21:50:00,493.65
2022-11-02 21:55:00,493.65
2022-11-02 22:00:00,487.95333333333326
2022-11-02 22:05:00,482.18799999999993
2022-11-02 22:10:00,477.92666666666673
2022-11-02 22:15:00,473.2166666666667
2022-11-02 22:20:00,468.03600000000006
2022-11-02 22:25:00,463.2866666666667
2022-11-02 22:30:00,463.2866666666667
2022-11-02 22:35:00,457.70799999999997
2022-11-02 22:40:00,452.91999999999996
2022-11-02 22:45:00,447.75666666666666
2022-11-02 22:50:00,442.1800000000001
2022-11-02 22:55:00,437.88
2022-11-02 23:00:00,433.1033333333333
2022-11-02 23:05:00,428.02
2022-11-02 23:10:00,428.02
2022-11-02 23:15:00,423.2533333333333
2022-11-02 23:20:00,418.12
2022-11-02 23:25:00,408.70666666666665
2022-11-02 23:30:00,408.70666666666665
2022-11-02 23:35:00,404.78400000000005
2022-11-02 23:40:00,400.22333333333336
2022-11-02 23:45:00,395.54333333333335
2022-11-02 23:50:00,395.54333333333335
2022-11-02 23:55:00,391.6240000000001
2022-11-03 00:00:00,383.764
2022-11-03 00:05:00,379.42999999999995
2022-11-03 00:10:00,379.42999999999995
2022-11-03 00:15:00,375.5566666666667
2022-11-03 00:20:00,370.82
2022-11-03 00:25:00,367.72333333333336
2022-11-03 00:30:00,367.72333333333336
2022-11-03 00:35:00,360.01200000000006
2022-11-03 00:40:00,355.99999999999994
2022-11-03 00:45:00,351.884
2022-11-03 00:50:00,351.884
2022-11-03 00:55:00,348.36
2022-11-03 01:00:00,344.4166666666667
2022-11-03 01:05:00,341.428
2022-11-03 01:10:00,337.49
2022-11-03 01:15:00,333.48333333333335
2022-11-03 01:20:00,330.13199999999995
2022-11-03 01:25:00,325.60333333333335
2022-11-03 01:30:00,325.60333333333335
2022-11-03 01:35:00,322.54
2022-11-03 01:40:00,319.74666666666667
2022-11-03 01:45:00,315.4166666666667
2022-11-03 01:50:00,313.23199999999997
2022-11-03 01:55:00,310.2166666666666
2022-11-03 02:00:00,306.5
2022-11-03 02:05:00,302.788
2022-11-03 02:10:00,302.788
2022-11-03 02:15:00,297.132
2022-11-03 02:20:00,294.32000000000005
2022-11-03 02:25:00,294.32000000000005
2022-11-03 02:30:00,291.0966666666667
2022-11-03 02:35:00,287.93199999999996
2022-11-03 02:40:00,284.4466666666666
2022-11-03 02:45:00,281.4033333333333
2022-11-03 02:50:00,278.952
2022-11-03 02:55:00,276.4
2022-11-03 03:00:00,273.71999999999997
2022-11-03 03:05:00,273.71999999999997
2022-11-03 03:10:00,270.77
2022-11-03 03:15:00,267.91999999999996
2022-11-03 03:20:00,265.488
2022-11-03 03:25:00,262.7966666666667
2022-11-03 03:30:00,260.47333333333336
2022-11-03 03:35:00,257.692
2022-11-03 03:40:00,255.14666666666668
2022-11-03 03:45:00,255.14666666666668
2022-11-03 03:50:00,252.06800000000004
2022-11-03 03:55:00,250.2266666666667
2022-11-03 04:00:00,245.16000000000003
2022-11-03 04:05:00,245.16000000000003
2022-11-03 04:10:00,242.67999999999998
2022-11-03 04:15:00,240.28000000000003
2022-11-03 04:20:00,237.18400000000003
2022-11-03 04:25:00,237.18400000000003
2022-11-03 04:30:00,234.52000000000004
2022-11-03 04:35:00,229.7866666666667
2022-11-03 04:40:00,227.79333333333335
2022-11-03 04:45:00,227.79333333333335
2022-11-03 04:50:00,225.796
2022-11-03 04:55:00,222.9833333333333
2022-11-03 05:00:00,219.67
2022-11-03 05:05:00,219.67
2022-11-03 05:10:00,212.82666666666665
2022-11-03 05:15:00,209.02799999999996
2022-11-03 05:20:00,206.34666666666666
2022-11-03 05:25:00,206.34666666666666
2022-11-03 05:30:00,203.8
2022-11-03 05:35:00,199.79500000000002
2022-11-03 05:40:00,199.41000000000003
2022-11-03 05:45:00,196.25333333333333
2022-11-03 05:50:00,195.86399999999998
2022-11-03 05:55:00,193.42333333333335
2022-11-03 06:00:00,193.42333333333335
2022-11-03 06:05:00,191.612
2022-11-03 06:10:00,188.64333333333332
2022-11-03 06:15:00,186.46666666666664
2022-11-03 06:20:00,184.964
2022-11-03 06:25:00,182.98000000000002
2022-11-03 06:30:00,181.2766666666667
2022-11-03 06:35:00,179.9
2022-11-03 06:40:00,179.9
2022-11-03 06:45:00,176.88
2022-11-03 06:50:00,174.4
2022-11-03 06:55:00,172.18
2022-11-03 07:00:00,172.18
2022-11-03 07:05:00,170.536
2022-11-03 07:10:00,168.28666666666666
2022-11-03 07:15:00,166.37666666666667
2022-11-03 07:20:00,166.37666666666667
2022-11-03 07:25:00,163.816
2022-11-03 07:30:00,161.848
2022-11-03 07:35:00,160.11
2022-11-03 07:40:00,160.11
2022-11-03 07:45:00,158.68333333333334
2022-11-03 07:50:00,154.772
2022-11-03 07:55:00,153.68666666666667
2022-11-03 08:00:00,153.68666666666667
2022-11-03 08:05:00,153.024
2022-11-03 08:10:00,151.72666666666666
2022-11-03 08:15:00,148.64
2022-11-03 08:20:00,148.64
2022-11-03 08:25:00,146.33333333333334
2022-11-03 08:30:00,146.95333333333332
2022-11-03 08:35:00,146.56
2022-11-03 08:40:00,144.81666666666666
2022-11-03 08:45:00,144.05666666666667
2022-11-03 08:50:00,139.584
2022-11-03 08:55:00,136.54333333333335
2022-11-03 09:00:00,136.54333333333335
2022-11-03 09:05:00,137.34
2022-11-03 09:10:00,135.85
2022-11-03 09:15:00,131.12333333333333
2022-11-03 09:20:00,131.6
2022-11-03 09:25:00,128.90333333333334
2022-11-03 09:30:00,127.36333333333332
2022-11-03 09:35:00,126.176
2022-11-03 09:40:00,126.176
2022-11-03 09:45:00,126.08400000000002
2022-11-03 09:50:00,126.58999999999999
2022-11-03 09:55:00,126.58999999999999
2022-11-03 10:00:00,124.38
2022-11-03 10:05:00,122.97200000000001
2022-11-03 10:10:00,122.52000000000001
2022-11-03 10:15:00,121.0
2022-11-03 10:20:00,120.896
2022-11-03 10:25:00,119.46333333333334
2022-11-03 10:30:00,118.728
2022-11-03 10:35:00,118.728
2022-11-03 10:40:00,117.80666666666669
2022-11-03 10:45:00,117.97
2022-11-03 10:50:00,114.372
2022-11-03 10:55:00,114.23333333333335
2022-11-03 11:00:00,112.95666666666666
2022-11-03 11:05:00,113.452
2022-11-03 11:10:00,111.35999999999999
2022-11-03 11:15:00,111.35999999999999
2022-11-03 11:20:00,109.73200000000001
2022-11-03 11:25:00,110.95666666666666
2022-11-03 11:30:00,107.02799999999999
2022-11-03 11:35:00,107.02799999999999
2022-11-03 11:40:00,108.05666666666666
2022-11-03 11:45:00,106.07000000000001
2022-11-03 11:50:00,106.05600000000001
2022-11-03 11:55:00,106.05600000000001
2022-11-03 12:00:00,105.91000000000001
2022-11-03 12:05:00,103.92666666666666
2022-11-03 12:10:00,102.17666666666666
2022-11-03 12:15:00,102.17666666666666
2022-11-03 12:20:00,98.42
2022-11-03 12:25:00,102.34
2022-11-03 12:30:00,99.97666666666666
2022-11-03 12:35:00,99.97666666666666
2022-11-03 12:40:00,101.24
2022-11-03 12:45:00,99.388
2022-11-03 12:50:00,97.67
2022-11-03 12:55:00,97.67
2022-11-03 13:00:00,98.95333333333335
2022-11-03 13:05:00,98.91199999999999
2022-11-03 13:10:00,95.52
2022-11-03 13:15:00,96.95666666666666
2022-11-03 13:20:00,95.73599999999999
2022-11-03 13:25:00,94.07666666666668
2022-11-03 13:30:00,94.07666666666668
2022-11-03 13:35:00,94.02799999999999
2022-11-03 13:40:00,92.60666666666667
2022-11-03 13:45:00,91.58666666666667
2022-11-03 13:50:00,91.372
2022-11-03 13:55:00,90.47666666666666
2022-11-03 14:00:00,89.88000000000001
2022-11-03 14:05:00,90.79999999999998
2022-11-03 14:10:00,90.79999999999998
2022-11-03 14:15:00,90.8
2022-11-03 14:20:00,89.8
2022-11-03 14:25:00,87.20666666666668
2022-11-03 14:30:00,87.20666666666668
2022-11-03 14:35:00,86.99600000000001
2022-11-03 14:40:00,85.65
2022-11-03 14:45:00,86.11333333333333
2022-11-03 14:50:00,86.11333333333333
2022-11-03 14:55:00,86.99999999999999
2022-11-03 15:00:00,86.588
2022-11-03 15:05:00,85.71000000000001
2022-11-03 15:10:00,85.71000000000001
2022-11-03 15:15:00,85.54333333333334
2022-11-03 15:20:00,85.432
2022-11-03 15:25:00,85.12666666666667
2022-11-03 15:30:00,85.12666666666667
2022-11-03 15:35:00,84.764
2022-11-03 15:40:00,84.44333333333333
2022-11-03 15:45:00,83.832
2022-11-03 15:50:00,83.832
2022-11-03 15:55:00,82.91
2022-11-03 16:00:00,82.67
2022-11-03 16:05:00,82.35600000000001
2022-11-03 16:10:00,81.95333333333335
2022-11-03 16:15:00,81.74333333333333
2022-11-03 16:20:00,81.484
2022-11-03 16:25:00,81.22999999999999
2022-11-03 16:30:00,81.22999999999999
2022-11-03 16:35:00,80.81200000000001
2022-11-03 16:40:00,80.65
2022-11-03 16:45:00,80.50333333333333
2022-11-03 16:50:00,79.60399999999998
2022-11-03 16:55:00,79.37666666666667
2022-11-03 17:00:00,78.98666666666666
2022-11-03 17:05:00,78.67999999999999
2022-11-03 17:10:00,78.67999999999999
2022-11-03 17:15:00,77.69200000000001
2022-11-03 17:20:00,77.70666666666668
2022-11-03 17:25:00,77.70666666666668
2022-11-03 17:30:00,78.19333333333334
2022-11-03 17:35:00,77.596
2022-11-03 17:40:00,76.68333333333332
2022-11-03 17:45:00,75.86666666666667
2022-11-03 17:50:00,74.95599999999999
2022-11-03 17:55:00,74.97666666666666
2022-11-03 18:00:00,76.46799999999999
2022-11-03 18:05:00,76.46799999999999
2022-11-03 18:10:00,76.96666666666667
2022-11-03 18:15:00,75.28333333333333
2022-11-03 18:20:00,76.124
2022-11-03 18:25:00,73.51
2022-11-03 18:30:00,73.04333333333332
2022-11-03 18:35:00,72.38
2022-11-03 18:40:00,73.78333333333333
2022-11-03 18:45:00,73.78333333333333
2022-11-03 18:50:00,75.708
2022-11-03 18:55:00,75.32333333333335
2022-11-03 19:00:00,74.324
2022-11-03 19:05:00,74.324
2022-11-03 19:10:00,74.07333333333332
2022-11-03 19:15:00,72.57666666666667
2022-11-03 19:20:00,74.15599999999999
2022-11-03 19:25:00,74.15599999999999
2022-11-03 19:30:00,73.23333333333332
2022-11-03 19:35:00,70.35666666666665
2022-11-03 19:40:00,72.26666666666668
2022-11-03 19:45:00,72.26666666666668
2022-11-03 19:50:00,71.452
2022-11-03 19:55:00,70.71333333333334
2022-11-03 20:00:00,72.05333333333334
2022-11-03 20:05:00,72.05333333333334
2022-11-03 20:10:00,71.26666666666668
2022-11-03 20:15:00,71.296
2022-11-03 20:20:00,70.26666666666668
2022-11-03 20:25:00,70.26666666666668
2022-11-03 20:30:00,71.89000000000001
2022-11-03 20:35:00,72.024
2022-11-03 20:40:00,71.71666666666667
2022-11-03 20:45:00,69.66666666666666
2022-11-03 20:50:00,69.18800000000002
2022-11-03 20:55:00,69.06
2022-11-03 21:00:00,69.06
2022-11-03 21:05:00,69.14
2022-11-03 21:10:00,69.36000000000001
2022-11-03 21:15:00,68.89666666666668
2022-11-03 21:20:00,68.756
2022-11-03 21:25:00,68.93333333333334
2022-11-03 21:30:00,67.44000000000001
2022-11-03 21:35:00,66.112
2022-11-03 21:40:00,66.112
2022-11-03 21:45:00,66.09
2022-11-03 21:50:00,64.184
2022-11-03 21:55:00,67.23333333333333
2022-11-03 22:00:00,67.23333333333333
2022-11-03 22:05:00,66.492
2022-11-03 22:10:00,67.32000000000001
2022-11-03 22:15:00,67.28333333333333
2022-11-03 22:20:00,67.28333333333333
2022-11-03 22:25:00,66.96
2022-11-03 22:30:00,66.22
2022-11-03 22:35:00,66.31
2022-11-03 22:40:00,66.31
2022-11-03 22:45:00,66.18666666666667
2022-11-03 22:50:00,66.26400000000001
2022-11-03 22:55:00,65.14
2022-11-03 23:00:00,65.14
2022-11-03 23:05:00,63.456
2022-11-03 23:10:00,64.26
2022-11-03 23:15:00,64.932
2022-11-03 23:20:00,64.932
2022-11-03 23:25:00,65.29666666666665
2022-11-03 23:30:00,65.3
2022-11-03 23:35:00,61.912
2022-11-03 23:40:00,60.736666666666665
2022-11-03 23:45:00,60.983333333333334
2022-11-03 23:50:00,60.576
2022-11-03 23:55:00,64.15
2022-11-04 00:00:00,64.15
2022-11-04 00:05:00,63.848
2022-11-04 00:10:00,64.01666666666667
2022-11-04 00:15:00,63.67333333333333
2022-11-04 00:20:00,62.23599999999999
2022-11-04 00:25:00,62.84333333333334
2022-11-04 00:30:00,62.89333333333333
2022-11-04 00:35:00,60.248000000000005
2022-11-04 00:40:00,60.248000000000005
2022-11-04 00:45:00,58.31333333333333
2022-11-04 00:50:00,57.40666666666667
2022-11-04 00:55:00,57.40666666666667
2022-11-04 01:00:00,57.86
2022-11-04 01:05:00,57.855999999999995
2022-11-04 01:10:00,57.27333333333333
2022-11-04 01:15:00,58.10666666666666
2022-11-04 01:20:00,60.548
2022-11-04 01:25:00,59.88000000000001
2022-11-04 01:30:00,61.2
2022-11-04 01:35:00,61.2
2022-11-04 01:40:00,60.160000000000004
2022-11-04 01:45:00,60.60666666666667
2022-11-04 01:50:00,61.564
2022-11-04 01:55:00,61.49666666666667
2022-11-04 02:00:00,61.44666666666667
2022-11-04 02:05:00,61.924
2022-11-04 02:10:00,62.14333333333333
2022-11-04 02:15:00,62.14333333333333
2022-11-04 02:20:00,60.476
2022-11-04 02:25:00,60.763333333333335
2022-11-04 02:30:00,61.16799999999999
2022-11-04 02:35:00,61.16799999999999
2022-11-04 02:40:00,61.75
2022-11-04 02:45:00,61.669999999999995
2022-11-04 02:50:00,61.568
2022-11-04 02:55:00,61.568
2022-11-04 03:00:00,61.61333333333333
2022-11-04 03:05:00,61.39666666666666
2022-11-04 03:10:00,61.09666666666667
2022-11-04 03:15:00,61.09666666666667
2022-11-04 03:20:00,61.116
2022-11-04 03:25:00,61.376666666666665
2022-11-04 03:30:00,61.33
2022-11-04 03:35:00,61.33
2022-11-04 03:40:00,61.003333333333345
2022-11-04 03:45:00,60.584
2022-11-04 03:50:00,60.64666666666667
2022-11-04 03:55:00,60.64666666666667
2022-11-04 04:00:00,60.54333333333334
2022-11-04 04:05:00,60.624
2022-11-04 04:10:00,60.32000000000001
2022-11-04 04:15:00,60.44333333333334
2022-11-04 04:20:00,60.012
2022-11-04 04:25:00,60.02666666666668
2022-11-04 04:30:00,59.70400000000001
2022-11-04 04:35:00,59.70400000000001
2022-11-04 04:40:00,59.72666666666667
2022-11-04 04:45:00,59.80999999999999
2022-11-04 04:50:00,59.815999999999995
2022-11-04 04:55:00,59.629999999999995
2022-11-04 05:00:00,59.35
2022-11-04 05:05:00,58.61600000000001
2022-11-04 05:10:00,58.61600000000001
2022-11-04 05:15:00,58.55666666666667
2022-11-04 05:20:00,57.644000000000005
2022-11-04 05:25:00,58.82333333333334
2022-11-04 05:30:00,58.82333333333334
2022-11-04 05:35:00,59.10000000000001
2022-11-04 05:40:00,58.489999999999995
2022-11-04 05:45:00,58.94000000000001
2022-11-04 05:50:00,58.94000000000001
2022-11-04 05:55:00,57.519999999999996
2022-11-04 06:00:00,58.284000000000006
2022-11-04 06:05:00,58.10333333333334
2022-11-04 06:10:00,58.10333333333334
2022-11-04 06:15:00,58.65333333333333
2022-11-04 06:20:00,58.928
2022-11-04 06:25:00,58.80666666666666
2022-11-04 06:30:00,58.80666666666666
2022-11-04 06:35:00,57.912
2022-11-04 06:40:00,57.919999999999995
2022-11-04 06:45:00,56.660000000000004
2022-11-04 06:50:00,56.660000000000004
2022-11-04 06:55:00,58.09666666666667
2022-11-04 07:00:00,56.993333333333325
2022-11-04 07:05:00,56.864
2022-11-04 07:10:00,58.32333333333334
2022-11-04 07:15:00,57.44
2022-11-04 07:20:00,56.36
2022-11-04 07:25:00,55.23
2022-11-04 07:30:00,55.23
2022-11-04 07:35:00,54.612
2022-11-04 07:40:00,54.47666666666667
2022-11-04 07:45:00,53.6
2022-11-04 07:50:00,54.28799999999999
2022-11-04 07:55:00,53.220000000000006
2022-11-04 08:00:00,52.733333333333334
2022-11-04 08:05:00,53.06
2022-11-04 08:10:00,53.06
2022-11-04 08:15:00,52.22666666666667
2022-11-04 08:20:00,51.03000000000001
2022-11-04 08:25:00,51.03000000000001
2022-11-04 08:30:00,50.79333333333334
2022-11-04 08:35:00,51.384
2022-11-04 08:40:00,51.39333333333333
2022-11-04 08:45:00,52.05999999999999
2022-11-04 08:50:00,50.903999999999996
2022-11-04 08:55:00,51.21333333333333
2022-11-04 09:00:00,51.355999999999995
2022-11-04 09:05:00,51.355999999999995
2022-11-04 09:10:00,52.59666666666667
2022-11-04 09:15:00,51.60333333333333
2022-11-04 09:20:00,51.94
2022-11-04 09:25:00,51.92
2022-11-04 09:30:00,51.95
2022-11-04 09:35:00,52.284000000000006
2022-11-04 09:40:00,50.843333333333334
2022-11-04 09:45:00,50.843333333333334
2022-11-04 09:50:00,52.7
2022-11-04 09:55:00,53.15
2022-11-04 10:00:00,53.79200000000001
2022-11-04 10:05:00,53.79200000000001
2022-11-04 10:10:00,53.75666666666666
2022-11-04 10:15:00,53.89333333333334
2022-11-04 10:20:00,53.74400000000001
2022-11-04 10:25:00,53.74400000000001
2022-11-04 10:30:00,53.886666666666656
2022-11-04 10:35:00,53.279999999999994
2022-11-04 10:40:00,53.738333333333344
2022-11-04 10:45:00,53.738333333333344
2022-11-04 10:50:00,53.84400000000001
2022-11-04 10:55:00,53.29666666666667
2022-11-04 11:00:00,52.510666666666665
2022-11-04 11:05:00,52.510666666666665
2022-11-04 11:10:00,52.723333333333336
2022-11-04 11:15:00,52.468
2022-11-04 11:20:00,52.410000000000004
2022-11-04 11:25:00,52.410000000000004
2022-11-04 11:30:00,52.720000000000006
2022-11-04 11:35:00,52.16400000000001
2022-11-04 11:40:00,52.05333333333334
2022-11-04 11:45:00,51.7
2022-11-04 11:50:00,51.35600000000001
2022-11-04 11:55:00,51.586666666666666
2022-11-04 12:00:00,51.227999999999994
2022-11-04 12:05:00,51.227999999999994
2022-11-04 12:10:00,51.169999999999995
2022-11-04 12:15:00,50.873333333333335
2022-11-04 12:20:00,50.852
2022-11-04 12:25:00,50.416666666666664
2022-11-04 12:30:00,50.81333333333333
2022-11-04 12:35:00,51.108000000000004
2022-11-04 12:40:00,51.108000000000004
2022-11-04 12:45:00,51.279999999999994
2022-11-04 12:50:00,52.20399999999999
2022-11-04 12:55:00,52.236666666666665
2022-11-04 13:00:00,52.236666666666665
2022-11-04 13:05:00,52.48
2022-11-04 13:10:00,51.73333333333333
2022-11-04 13:15:00,51.80666666666667
2022-11-04 13:20:00,51.80666666666667
2022-11-04 13:25:00,52.10799999999999
2022-11-04 13:30:00,52.172000000000004
2022-11-04 13:35:00,51.586666666666666
2022-11-04 13:40:00,51.586666666666666
2022-11-04 13:45:00,51.65666666666666
2022-11-04 13:50:00,51.396
2022-11-04 13:55:00,52.15
2022-11-04 14:00:00,52.15
2022-11-04 14:05:00,52.30800000000001
2022-11-04 14:10:00,52.30666666666666
2022-11-04 14:15:00,52.339999999999996
2022-11-04 14:20:00,52.339999999999996
2022-11-04 14:25:00,53.06466666666667
2022-11-04 14:30:00,53.07666666666667
2022-11-04 14:35:00,52.42
2022-11-04 14:40:00,52.123333333333335
2022-11-04 14:45:00,52.27
2022-11-04 14:50:00,51.47533333333333
2022-11-04 14:55:00,51.884
2022-11-04 15:00:00,51.884
2022-11-04 15:05:00,51.96333333333333
2022-11-04 15:10:00,52.22333333333332
2022-11-04 15:15:00,52.48866666666667
2022-11-04 15:20:00,52.013333333333335
2022-11-04 15:25:00,52.36866666666666
2022-11-04 15:30:00,52.85666666666667
2022-11-04 15:35:00,52.47666666666667
2022-11-04 15:40:00,52.47666666666667
2022-11-04 15:45:00,53.028
2022-11-04 15:50:00,52.9
2022-11-04 15:55:00,52.9
2022-11-04 16:00:00,52.61800000000001
2022-11-04 16:05:00,52.516666666666666
2022-11-04 16:10:00,52.65
2022-11-04 16:15:00,52.59466666666666
2022-11-04 16:20:00,52.733333333333334
2022-11-04 16:25:00,53.352
2022-11-04 16:30:00,52.89333333333334
2022-11-04 16:35:00,52.89333333333334
2022-11-04 16:40:00,53.763999999999996
2022-11-04 16:45:00,52.74000000000001
2022-11-04 16:50:00,52.75
2022-11-04 16:55:00,53.754666666666665
2022-11-04 17:00:00,53.532
2022-11-04 17:05:00,52.95799999999999
2022-11-04 17:10:00,52.688
2022-11-04 17:15:00,52.688
2022-11-04 17:20:00,52.879999999999995
2022-11-04 17:25:00,53.05666666666666
2022-11-04 17:30:00,52.85
2022-11-04 17:35:00,52.85
2022-11-04 17:40:00,52.14
2022-11-04 17:45:00,52.455999999999996
2022-11-04 17:50:00,52.597333333333324
2022-11-04 17:55:00,52.597333333333324
2022-11-04 18:00:00,53.49266666666667
2022-11-04 18:05:00,54.7
2022-11-04 18:10:00,54.64266666666667
2022-11-04 18:15:00,54.64266666666667
2022-11-04 18:20:00,54.92666666666666
2022-11-04 18:25:00,54.71333333333333
2022-11-04 18:30:00,53.25599999999999
2022-11-04 18:35:00,53.25599999999999
2022-11-04 18:40:00,54.37533333333333
2022-11-04 18:45:00,54.85333333333333
2022-11-04 18:50:00,53.986666666666665
2022-11-04 18:55:00,53.986666666666665
2022-11-04 19:00:00,53.843999999999994
2022-11-04 19:05:00,52.589999999999996
2022-11-04 19:10:00,53.99133333333333
2022-11-04 19:15:00,54.019999999999996
2022-11-04 19:20:00,54.06333333333335
2022-11-04 19:25:00,54.19599999999999
2022-11-04 19:30:00,53.38666666666667
2022-11-04 19:35:00,53.38666666666667
2022-11-04 19:40:00,52.616666666666674
2022-11-04 19:45:00,53.536
2022-11-04 19:50:00,53.25
2022-11-04 19:55:00,53.58333333333333
2022-11-04 20:00:00,53.196000000000005
2022-11-04 20:05:00,52.06666666666666
2022-11-04 20:10:00,52.06666666666666
2022-11-04 20:15:00,51.86
2022-11-04 20:20:00,52.126666666666665
2022-11-04 20:25:00,52.624
2022-11-04 20:30:00,52.624
2022-11-04 20:35:00,53.083333333333336
2022-11-04 20:40:00,53.31666666666666
2022-11-04 20:45:00,52.592
2022-11-04 20:50:00,52.592
2022-11-04 20:55:00,52.480000000000004
2022-11-04 21:00:00,51.919999999999995
2022-11-04 21:05:00,52.39333333333334
2022-11-04 21:10:00,52.39333333333334
2022-11-04 21:15:00,52.0
2022-11-04 21:20:00,52.53666666666667
2022-11-04 21:25:00,52.65666666666667
2022-11-04 21:30:00,52.65666666666667
2022-11-04 21:35:00,52.78666666666667
2022-11-04 21:40:00,52.24400000000001
2022-11-04 21:45:00,51.87666666666668
2022-11-04 21:50:00,51.87666666666668
2022-11-04 21:55:00,52.016666666666666
2022-11-04 22:00:00,52.18000000000001
2022-11-04 22:05:00,51.28666666666667
2022-11-04 22:10:00,51.54333333333333
2022-11-04 22:15:00,50.904
2022-11-04 22:20:00,49.959999999999994
2022-11-04 22:25:00,49.117333333333335
2022-11-04 22:30:00,49.117333333333335
2022-11-04 22:35:00,50.14333333333333
2022-11-04 22:40:00,51.32333333333334
2022-11-04 22:45:00,51.968
2022-11-04 22:50:00,50.78666666666667
2022-11-04 22:55:00,50.946666666666665
2022-11-04 23:00:00,51.78399999999999
2022-11-04 23:05:00,51.25
2022-11-04 23:10:00,51.25
2022-11-04 23:15:00,50.79600000000001
2022-11-04 23:20:00,51.07333333333333
2022-11-04 23:25:00,51.07333333333333
2022-11-04 23:30:00,51.379999999999995
2022-11-04 23:35:00,50.25666666666667
2022-11-04 23:40:00,49.86333333333333
2022-11-04 23:45:00,50.43599999999999
2022-11-04 23:50:00,50.79666666666667
2022-11-04 23:55:00,50.956
2022-11-05 00:00:00,51.02
2022-11-05 00:05:00,51.02
2022-11-05 00:10:00,50.41333333333334
2022-11-05 00:15:00,50.748000000000005
2022-11-05 00:20:00,51.529999999999994
2022-11-05 00:25:00,51.962
2022-11-05 00:30:00,52.116
2022-11-05 00:35:00,50.77333333333333
2022-11-05 00:40:00,51.2
2022-11-05 00:45:00,51.2
2022-11-05 00:50:00,51.46666666666666
2022-11-05 00:55:00,51.48333333333333
2022-11-05 01:00:00,49.33333333333333
2022-11-05 01:05:00,49.33333333333333
2022-11-05 01:10:00,50.50666666666667
2022-11-05 01:15:00,50.888
2022-11-05 01:20:00,50.93933333333333
2022-11-05 01:25:00,50.93933333333333
2022-11-05 01:30:00,50.422000000000004
2022-11-05 01:35:00,49.879999999999995
2022-11-05 01:40:00,50.224
2022-11-05 01:45:00,50.224
2022-11-05 01:50:00,50.29666666666667
2022-11-05 01:55:00,50.11
2022-11-05 02:00:00,49.848
2022-11-05 02:05:00,49.848
2022-11-05 02:10:00,49.284666666666666
2022-11-05 02:15:00,48.736666666666665
2022-11-05 02:20:00,48.46999999999999
2022-11-05 02:25:00,48.46999999999999
2022-11-05 02:30:00,48.269333333333336
2022-11-05 02:35:00,48.089999999999996
2022-11-05 02:40:00,48.36266666666667
2022-11-05 02:45:00,48.372
2022-11-05 02:50:00,48.22666666666667
2022-11-05 02:55:00,48.936
2022-11-05 03:00:00,49.473333333333336
2022-11-05 03:05:00,49.473333333333336
2022-11-05 03:10:00,48.91133333333333
2022-11-05 03:15:00,49.104
2022-11-05 03:20:00,49.10333333333334
2022-11-05 03:25:00,48.529999999999994
2022-11-05 03:30:00,48.696000000000005
2022-11-05 03:35:00,49.29933333333334
2022-11-05 03:40:00,49.29933333333334
2022-11-05 03:45:00,48.576
2022-11-05 03:50:00,48.54333333333334
2022-11-05 03:55:00,47.294
2022-11-05 04:00:00,47.294
2022-11-05 04:05:00,47.440000000000005
2022-11-05 04:10:00,47.29066666666667
2022-11-05 04:15:00,47.48800000000001
2022-11-05 04:20:00,47.48800000000001
2022-11-05 04:25:00,47.06466666666667
2022-11-05 04:30:00,47.13333333333334
2022-11-05 04:35:00,47.38
2022-11-05 04:40:00,47.38
2022-11-05 04:45:00,47.513333333333335
2022-11-05 04:50:00,47.346666666666664
2022-11-05 04:55:00,47.424
2022-11-05 05:00:00,47.424
2022-11-05 05:05:00,47.40333333333334
2022-11-05 05:10:00,47.190666666666665
2022-11-05 05:15:00,47.12
2022-11-05 05:20:00,47.12
2022-11-05 05:25:00,46.96
2022-11-05 05:30:00,47.632
2022-11-05 05:35:00,47.623333333333335
2022-11-05 05:40:00,46.75999999999999
2022-11-05 05:45:00,47.072
2022-11-05 05:50:00,46.8
2022-11-05 05:55:00,46.768
2022-11-05 06:00:00,46.768
2022-11-05 06:05:00,46.31333333333333
2022-11-05 06:10:00,45.53
2022-11-05 06:15:00,44.63066666666667
2022-11-05 06:20:00,45.75
2022-11-05 06:25:00,44.227333333333334
2022-11-05 06:30:00,44.00000000000001
2022-11-05 06:35:00,43.42666666666666
2022-11-05 06:40:00,43.42666666666666
2022-11-05 06:45:00,43.484
2022-11-05 06:50:00,45.2
2022-11-05 06:55:00,45.2
2022-11-05 07:00:00,45.122
2022-11-05 07:05:00,45.413333333333334
2022-11-05 07:10:00,44.827999999999996
2022-11-05 07:15:00,45.37266666666667
2022-11-05 07:20:00,45.37266666666667
2022-11-05 07:25:00,43.936
2022-11-05 07:30:00,43.29
2022-11-05 07:35:00,43.29
2022-11-05 07:40:00,42.81666666666666
2022-11-05 07:45:00,42.7
2022-11-05 07:50:00,42.70333333333333
2022-11-05 07:55:00,42.413333333333334
2022-11-05 08:00:00,42.172
2022-11-05 08:05:00,42.05
2022-11-05 08:10:00,42.071999999999996
2022-11-05 08:15:00,42.071999999999996
2022-11-05 08:20:00,41.99666666666667
2022-11-05 08:25:00,41.77466666666666
2022-11-05 08:30:00,41.94
2022-11-05 08:35:00,41.94
2022-11-05 08:40:00,42.22333333333333
2022-11-05 08:45:00,42.708000000000006
2022-11-05 08:50:00,42.656666666666666
2022-11-05 08:55:00,42.656666666666666
