02.11.2022,10:53:05,90.5,75.9,338.1,77.8
02.11.2022,10:53:05,90.7,75.6,335.2,77.2
02.11.2022,10:53:05,92.6,76.6,343.1,78.0
02.11.2022,10:57:27,91.7,75.9,348.2,77.1
02.11.2022,10:57:27,93.7,76.1,355.1,76.6
02.11.2022,10:57:27,92.4,75.4,350.5,76.4
02.11.2022,10:57:27,92.2,75.2,355.4,77.1
02.11.2022,10:57:27,93.1,75.4,358.7,77.2
02.11.2022,10:57:27,94.7,76.8,359.4,77.9
02.11.2022,11:01:49,93.7,75.8,362.1,77.7
02.11.2022,11:01:49,92.8,75.3,362.6,77.3
02.11.2022,11:01:49,92.8,74.8,365.2,77.1
02.11.2022,11:01:49,92.9,74.5,366.1,77.1
02.11.2022,11:01:49,92.7,74.2,368.1,77.1
02.11.2022,11:01:49,96.1,75.6,366.1,77.4
02.11.2022,11:10:33,95.5,75.4,371.0,77.4
02.11.2022,11:10:33,96.4,75.9,372.7,77.7
02.11.2022,11:10:33,96.1,75.9,374.4,77.7
02.11.2022,11:10:33,95.6,75.6,374.4,77.7
02.11.2022,11:10:33,94.9,75.0,373.9,77.7
02.11.2022,11:14:56,96.0,74.7,377.3,77.6
02.11.2022,11:14:56,95.2,74.3,378.7,77.6
02.11.2022,11:14:56,95.2,74.1,380.6,77.4
02.11.2022,11:14:56,95.7,74.0,382.6,77.4
02.11.2022,11:14:56,96.3,73.8,384.9,77.2
02.11.2022,11:14:56,96.1,73.5,385.8,77.1
02.11.2022,11:19:18,96.2,73.4,388.1,77.0
02.11.2022,11:19:18,96.5,73.2,389.2,77.1
02.11.2022,11:19:18,99.8,73.9,393.3,77.3
02.11.2022,11:19:18,99.2,73.6,393.8,77.4
02.11.2022,11:19:18,98.0,73.2,394.1,77.2
02.11.2022,11:28:02,97.7,72.9,395.1,77.2
02.11.2022,11:28:02,97.6,72.6,396.0,77.1
02.11.2022,11:28:02,97.4,72.5,396.6,77.1
02.11.2022,11:28:02,97.4,72.3,398.3,76.9
02.11.2022,11:28:02,98.6,72.4,399.8,76.9
02.11.2022,11:28:02,100.8,73.1,404.7,77.2
02.11.2022,11:32:24,104.7,71.1,419.2,76.3
02.11.2022,11:32:24,100.4,71.5,422.2,75.6
02.11.2022,11:32:24,99.8,71.6,422.6,75.3
02.11.2022,11:32:24,99.6,71.9,418.1,75.9
02.11.2022,11:32:24,99.1,72.1,421.3,75.7
02.11.2022,11:32:24,99.3,72.1,421.4,75.7
02.11.2022,11:36:46,100.0,72.1,423.2,75.8
02.11.2022,11:36:46,99.5,72.0,424.4,75.8
02.11.2022,11:36:46,100.2,71.6,430.6,75.4
02.11.2022,11:36:46,100.3,70.4,433.3,74.8
02.11.2022,11:36:46,100.1,69.9,436.7,74.6
02.11.2022,11:41:08,104.8,69.7,437.1,74.9
02.11.2022,11:41:08,101.4,68.8,440.7,74.4
02.11.2022,11:41:08,100.7,67.8,440.6,73.9
02.11.2022,11:41:08,101.9,66.8,442.4,73.8
02.11.2022,11:41:08,102.8,67.3,445.2,73.8
02.11.2022,11:41:08,105.9,65.6,449.3,73.8
02.11.2022,11:49:53,103.4,65.0,450.2,73.4
02.11.2022,11:49:53,103.8,64.5,453.7,73.2
02.11.2022,11:49:53,103.5,63.9,454.9,73.2
02.11.2022,11:49:53,101.2,63.6,455.2,72.7
02.11.2022,11:49:53,101.1,63.5,454.2,72.4
02.11.2022,11:49:53,105.1,63.0,458.2,72.7
02.11.2022,11:54:15,108.0,61.8,461.8,73.1
02.11.2022,11:54:15,109.4,62.6,464.6,73.3
02.11.2022,11:54:15,106.6,62.4,464.7,72.7
02.11.2022,11:54:15,107.7,61.7,467.6,72.8
02.11.2022,11:54:15,109.2,63.3,468.2,73.0
02.11.2022,11:58:37,105.9,63.1,467.5,72.9
02.11.2022,11:58:37,110.0,62.1,471.0,73.3
02.11.2022,11:58:37,105.8,62.5,470.8,72.4
02.11.2022,11:58:37,104.1,62.5,469.8,72.1
02.11.2022,11:58:37,103.8,61.2,469.1,71.7
02.11.2022,11:58:37,103.4,60.6,470.7,71.6
02.11.2022,12:07:21,103.1,61.0,472.6,71.6
02.11.2022,12:07:21,102.7,61.0,470.2,71.6
02.11.2022,12:07:21,106.8,61.6,473.7,72.2
02.11.2022,12:07:21,105.4,61.8,474.7,72.2
02.11.2022,12:07:21,104.5,60.1,470.1,71.5
02.11.2022,12:11:44,104.9,59.3,472.2,71.4
02.11.2022,12:11:44,104.4,59.6,476.4,71.0
02.11.2022,12:11:44,107.3,60.7,478.8,71.8
02.11.2022,12:11:44,108.1,61.2,480.4,71.8
02.11.2022,12:11:44,106.0,60.4,481.6,71.3
02.11.2022,12:11:44,105.7,60.1,482.2,71.3
02.11.2022,12:16:06,104.1,59.5,483.1,70.8
02.11.2022,12:16:06,106.2,60.6,485.2,71.2
02.11.2022,12:16:06,106.1,60.9,486.7,71.1
02.11.2022,12:16:06,106.3,60.4,488.4,71.2
02.11.2022,12:16:06,105.6,60.9,489.1,71.2
02.11.2022,12:16:06,105.5,61.1,489.2,71.2
02.11.2022,12:20:28,105.6,61.4,489.5,71.4
02.11.2022,12:20:28,108.6,62.1,491.7,71.6
02.11.2022,12:20:28,107.0,62.1,492.5,71.6
02.11.2022,12:20:28,106.9,62.1,494.2,71.7
02.11.2022,12:20:28,108.1,61.4,494.8,71.8
02.11.2022,12:29:12,107.4,61.4,495.6,71.6
02.11.2022,12:29:12,108.3,61.4,496.2,71.7
02.11.2022,12:29:12,107.1,60.6,496.8,71.4
02.11.2022,12:29:12,109.1,60.2,497.5,71.4
02.11.2022,12:29:12,109.3,60.6,497.2,71.2
02.11.2022,12:29:12,109.7,61.0,498.4,71.5
02.11.2022,12:33:34,112.1,60.8,500.0,71.8
02.11.2022,12:33:34,111.0,62.6,500.8,72.6
02.11.2022,12:33:34,112.3,63.4,502.2,73.1
02.11.2022,12:33:34,112.2,63.9,501.8,72.9
02.11.2022,12:33:34,112.6,66.0,502.9,74.1
02.11.2022,12:33:34,114.8,64.1,504.2,73.7
02.11.2022,12:37:56,113.8,64.1,503.2,73.1
02.11.2022,12:37:56,113.5,64.7,503.7,73.4
02.11.2022,12:37:56,116.3,63.9,505.7,73.9
02.11.2022,12:37:56,114.3,64.2,505.2,73.7
02.11.2022,12:37:56,113.9,65.2,506.6,74.3
02.11.2022,12:46:41,114.3,65.2,506.9,74.6
02.11.2022,12:46:41,115.0,66.2,507.7,75.2
02.11.2022,12:46:41,115.9,66.4,509.7,75.4
02.11.2022,12:46:41,117.4,64.9,510.2,75.0
02.11.2022,12:46:41,117.4,65.1,510.4,75.0
02.11.2022,12:46:41,117.7,65.1,510.7,74.9
02.11.2022,12:51:03,119.4,65.3,512.1,75.4
02.11.2022,12:51:03,117.0,64.6,511.7,74.9
02.11.2022,12:51:03,118.1,63.5,511.6,74.7
02.11.2022,12:51:03,118.2,62.4,509.9,74.4
02.11.2022,12:51:03,118.6,64.0,512.5,75.8
02.11.2022,12:55:25,118.4,64.4,512.8,75.8
02.11.2022,12:55:25,118.3,64.5,513.1,75.8
02.11.2022,12:55:25,118.6,63.1,513.1,75.7
02.11.2022,12:55:25,119.2,62.6,514.3,75.9
02.11.2022,12:55:25,118.8,62.3,513.3,75.9
02.11.2022,12:55:25,119.8,62.6,513.8,76.1
02.11.2022,12:59:47,119.0,63.7,515.1,77.1
02.11.2022,12:59:47,119.7,65.1,517.2,78.1
02.11.2022,12:59:47,120.2,65.6,517.8,78.4
02.11.2022,12:59:47,120.8,63.6,514.5,77.8
02.11.2022,12:59:47,119.9,62.3,513.4,77.1
02.11.2022,12:59:47,119.8,62.8,514.2,77.3
02.11.2022,13:08:31,120.8,65.6,518.2,78.8
02.11.2022,13:08:31,123.4,65.4,519.4,79.2
02.11.2022,13:08:31,121.7,65.8,521.4,80.9
02.11.2022,13:08:31,121.6,65.7,521.0,79.9
02.11.2022,13:08:31,122.8,67.3,522.8,80.8
02.11.2022,13:12:54,122.8,67.9,523.1,81.3
02.11.2022,13:12:54,121.5,67.9,521.6,81.2
02.11.2022,13:12:54,123.1,68.5,523.9,81.8
02.11.2022,13:12:54,124.3,70.1,526.1,82.6
02.11.2022,13:12:54,125.2,70.8,529.3,83.1
02.11.2022,13:12:54,125.6,70.8,530.2,83.4
02.11.2022,13:17:16,126.7,70.6,530.4,83.2
02.11.2022,13:17:16,126.8,71.2,530.9,83.6
02.11.2022,13:17:16,128.1,71.2,532.2,83.3
02.11.2022,13:17:16,128.8,70.6,533.0,82.7
02.11.2022,13:17:16,129.7,70.4,533.1,82.5
02.11.2022,13:17:16,128.2,71.2,530.9,83.6
02.11.2022,13:26:00,129.4,71.9,534.8,84.7
02.11.2022,13:26:00,128.7,72.6,532.3,84.8
02.11.2022,13:26:00,129.1,72.8,514.9,84.7
02.11.2022,13:26:00,130.0,73.2,535.9,85.1
02.11.2022,13:26:00,131.4,73.0,536.9,85.1
02.11.2022,13:30:22,132.2,73.1,541.5,85.8
02.11.2022,13:30:22,132.3,72.9,500.3,85.9
02.11.2022,13:30:22,132.3,72.6,543.3,86.1
02.11.2022,13:30:22,132.7,72.3,544.7,86.6
02.11.2022,13:30:22,133.2,72.1,545.8,86.9
02.11.2022,13:30:22,133.3,72.8,545.8,87.2
02.11.2022,13:34:44,134.1,73.4,547.4,87.4
02.11.2022,13:34:44,133.9,73.7,547.6,87.7
02.11.2022,13:34:44,136.1,73.7,550.1,87.9
02.11.2022,13:34:44,136.1,73.4,551.9,87.7
02.11.2022,13:34:44,137.4,73.6,554.0,88.3
02.11.2022,13:39:06,140.3,73.6,555.1,87.8
02.11.2022,13:39:06,144.8,72.9,556.1,87.6
02.11.2022,13:39:06,141.3,73.5,556.7,87.2
02.11.2022,13:39:06,147.5,70.9,555.4,87.6
02.11.2022,13:39:06,145.3,72.8,557.8,87.8
02.11.2022,13:39:06,145.9,72.5,558.6,87.7
02.11.2022,13:47:51,143.3,71.1,554.8,86.8
02.11.2022,13:47:51,146.3,72.6,557.8,87.4
02.11.2022,13:47:51,145.1,72.3,557.4,87.7
02.11.2022,13:47:51,145.4,72.0,556.9,87.6
02.11.2022,13:47:51,143.9,72.0,557.1,87.6
02.11.2022,13:47:51,144.7,70.4,555.8,87.3
02.11.2022,13:52:13,144.8,70.3,556.7,87.0
02.11.2022,13:52:13,146.2,71.1,555.9,86.9
02.11.2022,13:52:13,145.4,71.4,557.4,87.8
02.11.2022,13:52:13,144.9,71.4,557.7,87.7
02.11.2022,13:52:13,146.6,70.3,554.6,87.4
02.11.2022,13:56:35,146.7,70.1,554.7,87.1
02.11.2022,13:56:35,147.8,70.4,553.2,86.9
02.11.2022,13:56:35,146.6,71.3,556.3,87.6
02.11.2022,13:56:35,149.1,70.8,558.7,87.6
02.11.2022,13:56:35,147.5,70.4,556.3,87.4
02.11.2022,13:56:35,151.8,69.8,555.1,87.3
02.11.2022,14:05:19,151.2,70.8,558.4,87.7
02.11.2022,14:05:19,150.2,71.6,556.4,88.1
02.11.2022,14:05:19,149.7,72.3,558.6,88.5
02.11.2022,14:05:19,149.6,72.9,559.8,89.0
02.11.2022,14:05:19,150.9,71.1,552.6,87.9
02.11.2022,14:05:19,152.1,71.1,555.2,88.1
02.11.2022,14:09:41,151.6,71.0,556.9,87.9
02.11.2022,14:09:41,151.9,70.9,555.2,88.1
02.11.2022,14:09:41,153.6,68.8,552.7,87.8
02.11.2022,14:09:41,154.2,67.9,548.1,87.6
02.11.2022,14:09:41,157.1,67.0,554.8,88.4
02.11.2022,14:14:04,154.4,68.4,556.5,88.0
02.11.2022,14:14:04,153.6,66.9,547.6,87.6
02.11.2022,14:14:04,153.9,67.1,551.1,87.3
02.11.2022,14:14:04,152.9,68.4,554.1,87.7
02.11.2022,14:14:04,151.4,70.6,556.3,88.7
02.11.2022,14:14:04,153.1,71.4,562.0,89.0
02.11.2022,14:22:48,155.5,71.2,562.3,88.9
02.11.2022,14:22:48,155.3,72.1,563.7,89.3
02.11.2022,14:22:48,154.9,72.7,565.9,89.9
02.11.2022,14:22:48,155.1,72.9,568.4,90.4
02.11.2022,14:22:48,157.8,73.4,564.8,90.3
02.11.2022,14:27:10,157.8,73.3,-121.4,90.4
02.11.2022,14:27:10,160.6,73.8, -OL,90.6
02.11.2022,14:27:10,159.7,72.2, -OL,90.1
02.11.2022,14:27:10,161.1,72.1, -OL,90.1
02.11.2022,14:27:10,162.1,70.5,31.5,90.0
02.11.2022,14:27:10,161.8,71.0, -OL,90.2
02.11.2022,14:31:32,164.0,70.5, -OL,90.1
02.11.2022,14:31:32,161.8,69.5, -OL,89.9
02.11.2022,14:31:32,163.7,70.1, -OL,89.8
02.11.2022,14:31:32,163.7,69.7, -OL,89.7
02.11.2022,14:31:32,165.0,69.9, -OL,89.8
02.11.2022,14:31:32,164.0,70.9, -OL,90.3
02.11.2022,14:35:54,164.7,69.9, -OL,90.1
02.11.2022,14:35:54,165.3,71.2, -OL,90.6
02.11.2022,14:35:54,164.6,70.1, -OL,90.2
02.11.2022,14:35:54,166.4,71.1, -OL,90.7
02.11.2022,14:35:54,165.3,71.0, -OL,90.6
02.11.2022,14:44:39,167.3,71.6, -OL,91.1
02.11.2022,14:44:39,167.3,72.3, -OL,91.2
02.11.2022,14:44:39,165.1,72.1, -OL,91.5
02.11.2022,14:44:39,164.8,72.8, -OL,91.9
02.11.2022,14:44:39,165.9,74.1, -OL,92.4
02.11.2022,14:44:39,167.8,76.4, -OL,93.4
02.11.2022,14:49:01,169.6,78.3, -OL,94.0
02.11.2022,14:49:01,170.9,80.3, -OL,94.3
02.11.2022,14:49:01,170.8,79.8, -OL,94.4
02.11.2022,14:49:01,172.3,79.5, -OL,95.2
02.11.2022,14:49:01,172.8,79.7, -OL,95.7
02.11.2022,14:49:01,174.1,80.4,-61.3,96.1
02.11.2022,14:53:23,174.8,80.4, -OL,96.0
02.11.2022,14:53:23,174.1,79.3, -OL,95.2
02.11.2022,14:53:23,175.2,78.9, -OL,95.6
02.11.2022,14:53:23,176.1,79.8, -OL,96.3
02.11.2022,14:53:23,176.1,79.6, -OL,96.5
02.11.2022,15:02:07,177.4,77.8,55.9,96.2
02.11.2022,15:02:07,179.1,79.0,568.0,97.1
02.11.2022,15:02:07,177.7,79.3,592.5,96.8
02.11.2022,15:02:07,178.3,79.2,594.0,97.3
02.11.2022,15:02:07,178.2,78.6,583.1,97.2
02.11.2022,15:02:07,180.2,78.6,532.2,97.6
02.11.2022,15:06:29,179.6,79.2,555.0,97.9
02.11.2022,15:06:29,180.4,79.6,583.7,98.1
02.11.2022,15:06:29,181.1,79.9,596.4,98.3
02.11.2022,15:06:29,181.4,80.3,596.9,98.5
02.11.2022,15:06:29,181.8,80.8,600.3,98.9
02.11.2022,15:10:51,182.7,81.2,589.4,99.3
02.11.2022,15:10:51,183.6,81.5,476.0,99.8
02.11.2022,15:10:51,185.2,82.6,408.3,101.4
02.11.2022,15:10:51,186.5,83.7,495.0,102.2
02.11.2022,15:10:51,187.0,83.8,576.1,102.2
02.11.2022,15:10:51,187.4,83.8,608.6,102.4
02.11.2022,15:15:14,188.1,83.6,610.4,102.1
02.11.2022,15:15:14,188.4,83.2,611.2,101.7
02.11.2022,15:15:14,190.2,83.9,611.6,102.2
02.11.2022,15:15:14,190.6,84.2,612.1,102.9
02.11.2022,15:15:14,190.8,83.9,612.7,102.9
02.11.2022,15:15:14,190.9,84.3,613.6,103.5
02.11.2022,15:23:58,192.7,85.1,615.5,104.0
02.11.2022,15:23:58,191.7,84.3,615.7,103.4
02.11.2022,15:23:58,192.6,84.1,616.2,103.6
02.11.2022,15:23:58,195.2,85.0,615.8,104.4
02.11.2022,15:23:58,195.0,85.2,616.1,104.6
02.11.2022,15:28:20,195.3,85.4,615.9,104.8
02.11.2022,15:28:20,193.9,84.8,616.9,104.4
02.11.2022,15:28:20,195.3,85.7,616.6,105.2
02.11.2022,15:28:20,195.7,86.2,618.5,105.6
02.11.2022,15:28:20,196.7,86.2,618.7,106.0
02.11.2022,15:28:20,197.3,86.3,619.1,106.3
02.11.2022,15:32:42,198.0,86.4,619.5,106.6
02.11.2022,15:32:42,198.4,86.7,620.9,106.8
02.11.2022,15:32:42,199.7,88.0,619.3,107.3
02.11.2022,15:32:42,199.6,87.4,622.0,107.3
02.11.2022,15:32:42,199.8,87.1,622.8,107.3
02.11.2022,15:32:42,200.4,87.0,622.1,107.4
02.11.2022,15:41:26,199.3,86.5,622.6,107.4
02.11.2022,15:41:26,200.5,86.5,622.5,107.6
02.11.2022,15:41:26,201.6,87.5,621.4,108.3
02.11.2022,15:41:26,202.4,87.4,623.4,108.4
02.11.2022,15:41:26,203.2,87.8,622.8,109.1
02.11.2022,15:45:49,204.1,88.1,624.3,109.3
02.11.2022,15:45:49,203.7,87.7,623.7,109.3
02.11.2022,15:45:49,204.8,88.1,623.9,109.8
02.11.2022,15:45:49,205.8,88.8,379.7,110.3
02.11.2022,15:45:49,205.9,88.2, -OL,110.2
02.11.2022,15:45:49,206.8,88.8, -OL,110.7
02.11.2022,15:50:11,208.3,89.1,314.1,111.3
02.11.2022,15:50:11,208.4,88.9,451.7,111.3
02.11.2022,15:50:11,208.9,88.8,-15.2,111.4
02.11.2022,15:50:11,208.6,88.6, -OL,111.4
02.11.2022,15:50:11,209.7,89.4,477.2,112.2
02.11.2022,15:54:33,209.5,89.2,611.9,112.3
02.11.2022,15:54:33,210.8,89.7,624.3,113.0
02.11.2022,15:54:33,211.7,90.7,606.3,113.4
02.11.2022,15:54:33,212.6,90.7,535.0,114.1
02.11.2022,15:54:33,213.9,91.5,543.3,114.6
02.11.2022,15:54:33,214.9,92.8,417.1,115.2
02.11.2022,16:03:17,215.6,93.4, -OL,115.6
02.11.2022,16:03:17,216.1,93.2,215.7,116.1
02.11.2022,16:03:17,215.4,91.9,97.9,115.9
02.11.2022,16:03:17,215.0,91.1,330.5,115.9
02.11.2022,16:03:17,216.0,91.7,287.3,116.6
02.11.2022,16:03:17,216.8,91.4,206.3,116.8
02.11.2022,16:07:39,217.5,91.6,148.5,117.2
02.11.2022,16:07:39,217.8,91.6, -OL,117.6
02.11.2022,16:07:39,219.4,92.5, -OL,118.2
02.11.2022,16:07:39,219.2,92.3, -OL,118.3
02.11.2022,16:07:39,220.4,92.9, -OL,118.9
02.11.2022,16:12:01,221.6,94.0, -OL,119.7
02.11.2022,16:12:01,222.3,94.2, -OL,120.2
02.11.2022,16:12:01,223.2,95.1,447.9,120.9
02.11.2022,16:12:01,223.8,96.0,561.4,121.3
02.11.2022,16:12:01,225.0,96.6,576.2,122.1
02.11.2022,16:12:01,225.4,95.9,216.3,122.4
02.11.2022,16:20:46,226.1,95.7, -OL,122.8
02.11.2022,16:20:46,226.7,95.6, -OL,123.2
02.11.2022,16:20:46,227.6,96.0, -OL,123.8
02.11.2022,16:20:46,228.3,96.2, -OL,124.2
02.11.2022,16:20:46,228.3,95.9, -OL,124.6
02.11.2022,16:20:46,229.5,96.3, -OL,125.4
02.11.2022,16:25:08,230.5,97.1, -OL,126.5
02.11.2022,16:25:08,230.7,96.9, -OL,126.5
02.11.2022,16:25:08,232.2,97.3,522.5,127.4
02.11.2022,16:25:08,231.3,96.6, -OL,127.1
02.11.2022,16:25:08,232.7,97.4, -OL,128.1
02.11.2022,16:29:30,234.1,98.3, -OL,128.8
02.11.2022,16:29:30,233.7,97.4,76.5,128.7
02.11.2022,16:29:30,234.6,97.8,553.1,129.6
02.11.2022,16:29:30,235.0,98.4,638.1,130.1
02.11.2022,16:29:30,236.7,99.7,160.4,131.1
02.11.2022,16:29:30,236.9,99.2,539.8,131.1
02.11.2022,16:33:52,236.8,98.9, -OL,131.5
02.11.2022,16:33:52,237.7,99.2,602.2,132.0
02.11.2022,16:33:52,238.3,99.4, -OL,132.7
02.11.2022,16:33:52,238.6,99.6, -OL,133.1
02.11.2022,16:33:52,239.3,99.7, -OL,133.5
02.11.2022,16:42:36,240.1,99.9, -OL,134.1
02.11.2022,16:42:36,240.6,100.4, -OL,134.6
02.11.2022,16:42:36,243.4,101.6,80.5,136.0
02.11.2022,16:42:36,243.4,101.8, -OL,136.4
02.11.2022,16:42:36,244.2,102.1, -OL,137.1
02.11.2022,16:42:36,244.6,102.4, -OL,137.6
02.11.2022,16:46:59,245.7,103.7, -OL,138.2
02.11.2022,16:46:59,246.4,103.5, -OL,138.9
02.11.2022,16:46:59,247.4,103.6,642.2,139.6
02.11.2022,16:46:59,247.4,103.6,644.4,140.0
02.11.2022,16:46:59,247.9,103.5, -OL,140.7
02.11.2022,16:46:59,248.8,103.9, -OL,141.3
02.11.2022,16:51:21,249.7,104.3, -OL,141.9
02.11.2022,16:51:21,249.7,103.9,594.2,142.1
02.11.2022,16:51:21,250.6,104.8,642.1,143.1
02.11.2022,16:51:21,250.9,104.6, -OL,143.1
02.11.2022,16:51:21,252.9,105.8, -OL,144.4
02.11.2022,17:00:05,253.7,106.3, -OL,144.9
02.11.2022,17:00:05,253.5,106.4, -OL,145.4
02.11.2022,17:00:05,253.8,107.1,544.0,145.9
02.11.2022,17:00:05,254.3,107.9,157.7,146.3
02.11.2022,17:00:05,255.3,108.4,88.2,147.0
02.11.2022,17:00:05,255.5,107.8,646.1,147.4
02.11.2022,17:04:27,256.7,108.2,646.6,148.3
02.11.2022,17:04:27,257.2,108.6,646.4,149.1
02.11.2022,17:04:27,257.7,108.8,646.7,149.6
02.11.2022,17:04:27,259.1,109.4,647.0,150.6
02.11.2022,17:04:27,259.8,110.6,645.2,151.2
02.11.2022,17:04:27,260.4,111.3, -OL,151.7
02.11.2022,17:08:49,261.4,112.0, -OL,152.4
02.11.2022,17:08:49,262.1,112.6, -OL,153.2
02.11.2022,17:08:49,262.7,113.0, -OL,153.8
02.11.2022,17:08:49,263.3,113.5, -OL,154.4
02.11.2022,17:08:49,263.8,112.6,180.2,154.9
02.11.2022,17:13:11,264.9,113.5,629.8,156.0
02.11.2022,17:13:11,265.7,114.3,635.6,156.8
02.11.2022,17:13:11,266.1,114.6,648.1,157.5
02.11.2022,17:13:11,266.7,114.4,633.3,158.0
02.11.2022,17:13:11,268.1,114.9,188.9,158.8
02.11.2022,17:13:11,268.4,115.2,519.8,159.3
02.11.2022,17:21:56,269.1,115.9,647.2,160.0
02.11.2022,17:21:56,270.1,116.9,648.4,160.8
02.11.2022,17:21:56,270.9,117.7,647.1,161.4
02.11.2022,17:21:56,271.8,118.5,649.1,162.1
02.11.2022,17:21:56,272.3,118.5,649.4,162.7
02.11.2022,17:26:18,273.0,119.1,649.6,163.4
02.11.2022,17:26:18,273.9,119.6,649.7,164.2
02.11.2022,17:26:18,274.4,120.1,649.7,164.8
02.11.2022,17:26:18,275.3,120.8,114.1,165.4
02.11.2022,17:26:18,276.1,122.3,573.3,166.1
02.11.2022,17:26:18,276.7,122.7,630.9,166.8
02.11.2022,17:30:40,277.8,122.9,648.7,167.8
02.11.2022,17:30:40,278.6,124.1, -OL,168.4
02.11.2022,17:30:40,279.0,125.6, -OL,169.2
02.11.2022,17:30:40,280.0,125.3, -OL,170.1
02.11.2022,17:30:40,280.8,125.3, -OL,170.7
02.11.2022,17:30:40,281.7,126.8, -OL,171.5
02.11.2022,17:39:24,282.3,126.9, -OL,172.2
02.11.2022,17:39:24,283.3,127.1, -OL,172.9
02.11.2022,17:39:24,283.7,127.6, -OL,173.7
02.11.2022,17:39:24,284.7,127.4,651.3,174.6
02.11.2022,17:39:24,285.4,127.8, -OL,175.5
02.11.2022,17:43:46,286.4,128.2,651.0,176.3
02.11.2022,17:43:46,287.5,128.9,651.4,177.2
02.11.2022,17:43:46,288.1,129.3,651.4,177.9
02.11.2022,17:43:46,289.2,130.2,651.3,178.7
02.11.2022,17:43:46,289.7,130.8,651.3,179.4
02.11.2022,17:43:46,290.2,131.7,651.3,180.1
02.11.2022,17:48:09,290.7,132.3,651.3,180.9
02.11.2022,17:48:09,291.4,132.5,651.3,181.6
02.11.2022,17:48:09,292.1,132.6,651.1,182.4
02.11.2022,17:48:09,292.7,132.8,651.1,183.2
02.11.2022,17:48:09,293.4,133.4,651.0,183.9
02.11.2022,17:48:09,294.2,134.0,651.0,184.7
02.11.2022,17:52:31,294.9,135.1,650.8,185.6
02.11.2022,17:52:31,295.3,135.6,650.8,186.2
02.11.2022,17:52:31,296.3,136.6,650.8,187.1
02.11.2022,17:52:31,296.9,137.1,650.8,187.9
02.11.2022,17:52:31,297.9,137.6,650.8,188.8
02.11.2022,18:01:15,298.6,138.4,650.8,189.6
02.11.2022,18:01:15,299.3,139.2,650.8,190.4
02.11.2022,18:01:15,300.1,139.7,650.8,191.3
02.11.2022,18:01:15,300.8,140.3,650.7,192.1
02.11.2022,18:01:15,301.6,141.1,650.7,192.9
02.11.2022,18:01:15,302.5,141.9,650.6,193.6
02.11.2022,18:05:37,303.3,142.8,650.6,194.4
02.11.2022,18:05:37,304.0,143.6,650.6,195.2
02.11.2022,18:05:37,304.6,143.6,650.4,196.1
02.11.2022,18:05:37,305.5,144.2,650.3,197.0
02.11.2022,18:05:37,306.0,144.6,650.2,197.8
02.11.2022,18:09:59,306.4,144.9,649.9,198.6
02.11.2022,18:09:59,307.8,146.4,649.8,199.6
02.11.2022,18:09:59,308.5,147.8,649.7,200.4
02.11.2022,18:09:59,309.3,148.4,649.7,201.3
02.11.2022,18:09:59,310.0,149.2,649.6,202.1
02.11.2022,18:09:59,310.8,150.0,649.3,202.9
02.11.2022,18:18:44,311.7,150.8,649.2,203.8
02.11.2022,18:18:44,312.6,151.8,649.1,204.8
02.11.2022,18:18:44,313.1,152.3,648.9,205.7
02.11.2022,18:18:44,313.7,152.9,648.8,206.4
02.11.2022,18:18:44,314.3,153.4,648.7,207.2
02.11.2022,18:18:44,315.1,154.3,648.4,208.0
02.11.2022,18:23:06,316.1,155.5,648.3,208.9
02.11.2022,18:23:06,316.7,156.3,648.0,209.8
02.11.2022,18:23:06,317.4,157.1,647.9,210.6
02.11.2022,18:23:06,318.2,158.1,647.8,211.3
02.11.2022,18:23:06,318.8,159.2,647.5,212.4
02.11.2022,18:27:28,319.3,161.2,647.4,213.3
02.11.2022,18:27:28,319.8,162.4,647.1,214.3
02.11.2022,18:27:28,320.9,162.9,647.0,215.2
02.11.2022,18:27:28,321.5,163.4,646.7,216.0
02.11.2022,18:27:28,322.3,164.3,646.5,216.9
02.11.2022,18:27:28,323.4,165.7,646.4,217.8
02.11.2022,18:31:50,323.8,166.8,646.0,218.4
02.11.2022,18:31:50,325.2,167.7,645.9,219.6
02.11.2022,18:31:50,325.9,168.2,645.6,220.3
02.11.2022,18:31:50,326.1,168.2,645.4,221.0
02.11.2022,18:31:50,327.1,169.4,645.2,221.9
02.11.2022,18:31:50,328.2,170.7,645.0,222.7
02.11.2022,18:40:34,329.1,170.9,644.7,223.3
02.11.2022,18:40:34,329.1,170.8,644.4,224.2
02.11.2022,18:40:34,329.7,171.7,644.2,225.1
02.11.2022,18:40:34,330.3,172.6,643.9,225.9
02.11.2022,18:40:34,330.9,173.3,643.7,226.7
02.11.2022,18:44:56,331.8,173.7,643.4,227.5
02.11.2022,18:44:56,332.0,174.2,643.2,228.3
02.11.2022,18:44:56,332.5,176.1,643.0,229.2
02.11.2022,18:44:56,333.3,176.1,642.6,229.8
02.11.2022,18:44:56,334.7,177.0,642.4,230.8
02.11.2022,18:44:56,335.5,177.3,642.0,231.6
02.11.2022,18:49:19,336.2,178.2,641.7,232.4
02.11.2022,18:49:19,336.8,179.2,641.4,233.4
02.11.2022,18:49:19,336.6,179.8,641.1,234.2
02.11.2022,18:49:19,336.9,180.3,640.9,234.9
02.11.2022,18:49:19,337.6,181.4,640.8,235.7
02.11.2022,18:58:03,338.2,182.6,640.4,236.8
02.11.2022,18:58:03,338.8,183.7,640.1,237.7
02.11.2022,18:58:03,339.2,185.3,639.8,238.8
02.11.2022,18:58:03,339.9,187.0,639.7,239.2
02.11.2022,18:58:03,340.0,187.1,639.5,239.9
02.11.2022,18:58:03,341.7,190.2,639.4,240.8
02.11.2022,19:02:25,341.9,190.1,638.9,242.1
02.11.2022,19:02:25,342.9,190.9,638.5,243.2
02.11.2022,19:02:25,343.8,190.9,638.2,244.1
02.11.2022,19:02:25,344.4,192.1,637.9,244.7
02.11.2022,19:02:25,344.4,192.2,637.6,245.6
02.11.2022,19:02:25,345.1,194.8,637.6,246.0
02.11.2022,19:06:47,345.4,195.2,637.4,246.9
02.11.2022,19:06:47,345.6,195.7,637.3,247.6
02.11.2022,19:06:47,346.2,194.8,636.7,248.6
02.11.2022,19:06:47,346.9,195.4,636.3,249.6
02.11.2022,19:06:47,347.8,197.3,636.1,250.4
02.11.2022,19:11:09,348.1,197.8,635.7,251.2
02.11.2022,19:11:09,348.4,198.2,635.3,252.0
02.11.2022,19:11:09,349.1,199.0,635.1,252.9
02.11.2022,19:11:09,349.7,199.9,634.7,253.7
02.11.2022,19:11:09,350.2,200.3,634.2,254.4
02.11.2022,19:11:09,350.7,201.1,633.9,255.2
02.11.2022,19:19:54,351.2,202.2,633.6,256.1
02.11.2022,19:19:54,352.2,202.8,633.1,257.1
02.11.2022,19:19:54,352.6,203.4,632.6,257.7
02.11.2022,19:19:54,353.4,204.4,632.2,258.7
02.11.2022,19:19:54,354.1,204.8,631.8,259.6
02.11.2022,19:19:54,354.6,206.6,631.4,260.3
02.11.2022,19:24:16,354.6,207.4,631.2,260.7
02.11.2022,19:24:16,354.8,207.9,630.8,261.3
02.11.2022,19:24:16,355.2,208.1,630.4,262.0
02.11.2022,19:24:16,355.1,209.2,630.2,262.8
02.11.2022,19:24:16,355.9,209.6,629.8,263.6
02.11.2022,19:28:38,355.9,209.6,629.4,264.2
02.11.2022,19:28:38,356.2,208.2,628.8,264.9
02.11.2022,19:28:38,356.8,209.6,628.4,265.8
02.11.2022,19:28:38,357.5,210.3,628.1,266.6
02.11.2022,19:28:38,357.7,211.6,627.7,267.3
02.11.2022,19:28:38,357.7,212.7,627.4,268.1
02.11.2022,19:37:22,358.1,213.5,627.2,268.7
02.11.2022,19:37:22,358.9,214.3,626.8,269.4
02.11.2022,19:37:22,358.9,216.6,626.6,270.3
02.11.2022,19:37:22,359.8,218.4,626.3,271.1
02.11.2022,19:37:22,359.9,218.6,626.1,271.6
02.11.2022,19:41:44,360.3,219.1,625.7,272.3
02.11.2022,19:41:44,361.0,219.6,625.4,272.9
02.11.2022,19:41:44,361.3,220.6,625.1,273.7
02.11.2022,19:41:44,361.8,222.1,624.7,274.2
02.11.2022,19:41:44,362.5,222.4,624.3,275.1
02.11.2022,19:41:44,362.8,223.0,624.1,275.7
02.11.2022,19:46:06,363.6,224.6,623.7,276.4
02.11.2022,19:46:06,364.3,225.9,623.4,277.2
02.11.2022,19:46:06,364.7,227.0,623.2,277.8
02.11.2022,19:46:06,365.3,227.9,622.8,278.5
02.11.2022,19:46:06,366.0,229.2,622.4,279.2
02.11.2022,19:46:06,366.4,230.1,622.0,279.9
02.11.2022,19:50:29,367.2,231.1,621.7,280.5
02.11.2022,19:50:29,367.5,231.2,621.4,281.1
02.11.2022,19:50:29,368.6,233.4,621.1,282.1
02.11.2022,19:50:29,368.7,233.9,620.7,282.7
02.11.2022,19:50:29,369.3,234.9,620.5,283.3
02.11.2022,19:59:13,370.0,235.4,620.1,283.9
02.11.2022,19:59:13,370.3,236.4,619.9,284.4
02.11.2022,19:59:13,371.5,237.6,619.6,285.2
02.11.2022,19:59:13,371.8,238.4,619.2,285.7
02.11.2022,19:59:13,372.3,239.3,618.9,286.6
02.11.2022,19:59:13,371.8,239.4,618.7,286.9
02.11.2022,20:03:35,372.6,239.9,618.4,287.6
02.11.2022,20:03:35,373.8,241.7,617.9,288.3
02.11.2022,20:03:35,373.6,242.2,617.6,288.9
02.11.2022,20:03:35,373.6,241.8,617.2,289.3
02.11.2022,20:03:35,374.3,242.2,616.9,290.1
02.11.2022,20:03:35,375.2,244.8,616.6,290.7
02.11.2022,20:07:57,375.3,245.7,616.3,291.2
02.11.2022,20:07:57,376.1,246.9,615.9,291.7
02.11.2022,20:07:57,376.1,246.6,615.6,292.2
02.11.2022,20:07:57,376.7,247.3,615.3,292.9
02.11.2022,20:07:57,376.9,248.4,614.9,293.4
02.11.2022,20:16:41,377.7,249.2,614.6,294.1
02.11.2022,20:16:41,377.9,249.8,614.3,294.6
02.11.2022,20:16:41,378.9,251.1,613.9,295.2
02.11.2022,20:16:41,378.7,251.5,613.6,295.8
02.11.2022,20:16:41,380.4,253.2,613.2,296.4
02.11.2022,20:16:41,381.0,254.0,612.8,297.1
02.11.2022,20:21:04,381.7,255.4,612.6,297.7
02.11.2022,20:21:04,381.8,256.2,612.2,298.3
02.11.2022,20:21:04,382.3,256.7,611.9,298.8
02.11.2022,20:21:04,381.7,256.7,611.7,299.2
02.11.2022,20:21:04,383.2,258.1,611.4,299.9
02.11.2022,20:25:26,383.8,259.3,611.1,300.6
02.11.2022,20:25:26,385.2,260.9,611.0,301.3
02.11.2022,20:25:26,384.3,260.3,610.6,301.7
02.11.2022,20:25:26,384.3,260.4,610.3,301.9
02.11.2022,20:25:26,384.6,260.8,609.8,302.4
02.11.2022,20:25:26,384.9,261.5,609.4,302.9
02.11.2022,20:29:48,385.2,262.0,609.1,303.6
02.11.2022,20:29:48,386.4,264.4,608.9,304.1
02.11.2022,20:29:48,386.7,264.4,608.7,304.7
02.11.2022,20:29:48,386.8,265.6,608.1,305.4
02.11.2022,20:29:48,387.2,266.9,607.7,306.0
02.11.2022,20:29:48,387.8,267.8,607.3,306.3
02.11.2022,20:38:32,388.8,268.8,607.2,306.8
02.11.2022,20:38:32,388.8,268.8,606.7,307.3
02.11.2022,20:38:32,389.5,269.3,606.3,307.8
02.11.2022,20:38:32,389.7,269.8,605.9,308.2
02.11.2022,20:38:32,389.3,270.5,605.5,308.8
02.11.2022,20:42:54,389.7,271.2,605.0,309.2
02.11.2022,20:42:54,390.9,272.7,604.7,309.6
02.11.2022,20:42:54,391.6,273.1,604.3,310.1
02.11.2022,20:42:54,391.9,274.3,604.1,310.6
02.11.2022,20:42:54,392.2,274.7,603.9,311.1
02.11.2022,20:42:54,392.1,275.6,603.4,311.7
02.11.2022,20:47:16,392.1,275.8,602.8,312.1
02.11.2022,20:47:16,393.0,276.4,602.6,312.6
02.11.2022,20:47:16,393.7,277.6,602.4,313.0
02.11.2022,20:47:16,393.5,277.9,601.8,313.6
02.11.2022,20:47:16,394.2,279.0,601.3,314.2
02.11.2022,20:47:16,394.7,279.6,601.3,314.4
02.11.2022,20:56:01,395.3,280.1,600.9,314.9
02.11.2022,20:56:01,395.8,281.0,600.6,315.4
02.11.2022,20:56:01,396.3,281.8,600.2,315.9
02.11.2022,20:56:01,396.5,282.3,599.9,316.3
02.11.2022,20:56:01,396.9,282.9,599.4,316.8
02.11.2022,21:00:23,397.4,283.6,599.1,317.2
02.11.2022,21:00:23,397.5,284.0,599.1,318.1
02.11.2022,21:00:23,397.8,284.3,598.9,318.5
02.11.2022,21:00:23,398.4,284.9,598.3,318.7
02.11.2022,21:00:23,398.3,285.6,597.9,319.1
02.11.2022,21:00:23,399.1,286.9,597.7,319.6
02.11.2022,21:04:45,399.4,287.6,597.4,319.9
02.11.2022,21:04:45,399.4,287.8,597.2,320.3
02.11.2022,21:04:45,399.4,288.7,597.1,320.8
02.11.2022,21:04:45,399.6,290.1,596.6,321.2
02.11.2022,21:04:45,399.6,289.8,595.9,321.7
02.11.2022,21:09:07,400.2,290.5,595.9,321.9
02.11.2022,21:09:07,400.1,291.2,595.2,322.5
02.11.2022,21:09:07,400.6,292.6,594.6,323.0
02.11.2022,21:09:07,401.1,292.9,593.9,323.6
02.11.2022,21:09:07,401.4,293.9,593.4,324.0
02.11.2022,21:09:07,401.7,294.3,592.9,324.5
02.11.2022,21:17:52,402.2,294.6,592.5,324.9
02.11.2022,21:17:52,402.6,295.1,592.0,325.4
02.11.2022,21:17:52,402.9,295.3,591.4,325.7
02.11.2022,21:17:52,403.4,296.2,591.1,326.1
02.11.2022,21:17:52,403.9,296.9,590.8,326.3
02.11.2022,21:17:52,404.1,297.6,590.3,326.6
02.11.2022,21:22:14,404.5,297.1,589.8,326.9
02.11.2022,21:22:14,404.5,297.1,589.3,327.3
02.11.2022,21:22:14,404.8,297.3,588.7,327.7
02.11.2022,21:22:14,405.0,297.8,588.2,328.0
02.11.2022,21:22:14,404.9,299.4,587.8,328.5
02.11.2022,21:26:36,405.1,300.8,587.4,329.0
02.11.2022,21:26:36,405.3,301.6,586.7,329.5
02.11.2022,21:26:36,405.8,302.1,586.4,329.7
02.11.2022,21:26:36,405.8,303.0,586.0,330.1
02.11.2022,21:26:36,406.1,302.9,585.8,330.3
02.11.2022,21:26:36,406.3,304.6,585.3,330.7
02.11.2022,21:35:20,406.8,305.3,584.7,331.2
02.11.2022,21:35:20,407.0,305.6,584.4,331.4
02.11.2022,21:35:20,407.3,306.3,583.7,331.9
02.11.2022,21:35:20,407.9,307.1,583.2,332.3
02.11.2022,21:35:20,408.6,307.6,582.5,332.7
02.11.2022,21:35:20,408.8,308.2,581.9,333.2
02.11.2022,21:39:42,409.2,308.2,581.4,333.5
02.11.2022,21:39:42,409.4,308.7,581.1,333.7
02.11.2022,21:39:42,409.6,309.5,580.7,334.1
02.11.2022,21:39:42,409.7,310.1,580.0,334.4
02.11.2022,21:39:42,409.9,310.7,579.4,334.9
02.11.2022,21:44:04,409.9,310.9,578.8,335.4
02.11.2022,21:44:04,410.3,310.9,578.3,335.8
02.11.2022,21:44:04,410.7,311.2,577.8,336.0
02.11.2022,21:44:04,410.8,311.2,577.2,336.4
02.11.2022,21:44:04,411.3,311.9,576.7,336.7
02.11.2022,21:44:04,411.7,312.3,576.2,336.9
02.11.2022,21:48:27,411.9,313.2,575.6,337.3
02.11.2022,21:48:27,411.9,313.1,575.1,337.7
02.11.2022,21:48:27,412.3,313.5,574.6,337.9
02.11.2022,21:48:27,412.4,314.2,574.1,338.2
02.11.2022,21:48:27,412.7,314.8,573.6,338.5
02.11.2022,21:57:11,412.9,315.2,573.1,338.7
02.11.2022,21:57:11,412.9,315.4,572.6,338.9
02.11.2022,21:57:11,413.3,315.8,572.1,339.3
02.11.2022,21:57:11,413.4,316.2,571.5,339.6
02.11.2022,21:57:11,413.7,316.8,571.0,339.9
02.11.2022,21:57:11,414.2,318.5,570.7,340.1
02.11.2022,22:01:33,414.3,318.6,570.2,340.5
02.11.2022,22:01:33,414.4,318.3,569.5,340.7
02.11.2022,22:01:33,414.8,318.7,568.8,341.1
02.11.2022,22:01:33,415.0,318.7,568.3,341.2
02.11.2022,22:01:33,415.2,318.7,567.7,341.4
02.11.2022,22:01:33,415.3,319.2,567.2,341.7
02.11.2022,22:05:55,415.5,319.7,566.7,342.1
02.11.2022,22:05:55,415.8,321.5,566.1,342.3
02.11.2022,22:05:55,416.2,321.3,565.5,342.6
02.11.2022,22:05:55,416.3,321.1,565.0,342.8
02.11.2022,22:05:55,416.3,321.7,564.4,343.0
02.11.2022,22:14:39,416.3,322.4,564.1,343.3
02.11.2022,22:14:39,416.4,322.6,563.4,343.4
02.11.2022,22:14:39,416.7,323.1,562.9,343.7
02.11.2022,22:14:39,416.7,322.5,562.2,343.9
02.11.2022,22:14:39,416.7,322.4,561.7,344.2
02.11.2022,22:14:39,416.6,323.2,561.3,344.4
02.11.2022,22:19:02,416.6,323.7,560.8,344.7
02.11.2022,22:19:02,416.7,323.8,560.3,344.8
02.11.2022,22:19:02,416.8,324.9,559.7,345.0
02.11.2022,22:19:02,416.8,325.1,559.3,345.3
02.11.2022,22:19:02,417.2,325.6,558.9,345.6
02.11.2022,22:19:02,417.1,325.8,558.1,345.6
02.11.2022,22:23:24,417.5,327.2,557.8,346.0
02.11.2022,22:23:24,417.7,328.3,557.3,346.2
02.11.2022,22:23:24,418.1,328.3,556.8,346.5
02.11.2022,22:23:24,418.3,327.7,556.1,346.7
02.11.2022,22:23:24,418.1,328.9,555.8,346.9
02.11.2022,22:32:08,418.4,330.2,555.3,347.1
02.11.2022,22:32:08,418.6,330.5,554.8,347.3
02.11.2022,22:32:08,418.9,330.9,554.2,347.7
02.11.2022,22:32:08,419.2,330.7,553.5,347.8
02.11.2022,22:32:08,419.3,330.7,553.0,348.1
02.11.2022,22:32:08,419.3,331.2,552.4,348.2
02.11.2022,22:36:30,419.7,331.8,551.9,348.6
02.11.2022,22:36:30,420.3,333.0,551.2,348.9
02.11.2022,22:36:30,419.7,332.1,550.7,348.8
02.11.2022,22:36:30,420.3,333.7,550.2,349.2
02.11.2022,22:36:30,421.5,335.0,549.3,349.6
02.11.2022,22:40:52,421.2,335.5,549.0,349.8
02.11.2022,22:40:52,421.1,335.1,548.4,349.8
02.11.2022,22:40:52,421.2,335.4,548.0,350.0
02.11.2022,22:40:52,421.1,335.3,547.5,350.1
02.11.2022,22:40:52,421.1,335.2,546.7,350.2
02.11.2022,22:40:52,421.3,335.6,546.2,350.5
02.11.2022,22:45:14,421.1,336.2,545.8,350.6
02.11.2022,22:45:14,421.4,336.2,545.1,350.8
02.11.2022,22:45:14,421.9,336.0,544.3,350.9
02.11.2022,22:45:14,422.0,337.3,543.9,351.3
02.11.2022,22:45:14,422.1,337.8,543.4,351.4
02.11.2022,22:45:14,421.9,338.4,542.7,351.7
02.11.2022,22:53:59,422.3,339.8,542.4,351.9
02.11.2022,22:53:59,422.2,339.4,541.8,351.9
02.11.2022,22:53:59,422.3,338.4,541.0,352.0
02.11.2022,22:53:59,422.4,339.7,540.8,352.2
02.11.2022,22:53:59,422.9,340.6,540.2,352.6
02.11.2022,22:58:21,422.9,341.6,539.7,352.7
02.11.2022,22:58:21,423.0,340.5,538.8,352.7
02.11.2022,22:58:21,423.1,340.5,538.1,352.8
02.11.2022,22:58:21,423.2,341.4,537.7,353.1
02.11.2022,22:58:21,423.1,341.1,536.9,353.1
02.11.2022,22:58:21,423.4,340.9,536.3,353.3
02.11.2022,23:02:43,423.6,341.8,535.9,353.6
02.11.2022,23:02:43,423.7,342.5,535.4,353.7
02.11.2022,23:02:43,423.7,342.1,534.8,353.7
02.11.2022,23:02:43,423.7,342.9,534.3,353.9
02.11.2022,23:02:43,423.9,342.6,533.5,353.9
02.11.2022,23:02:43,423.8,343.9,532.9,354.2
02.11.2022,23:11:27,423.4,345.4,532.4,354.1
02.11.2022,23:11:27,424.1,345.8,532.1,354.3
02.11.2022,23:11:27,423.9,347.0,531.4,354.4
02.11.2022,23:11:27,424.1,345.1,530.4,354.6
02.11.2022,23:11:27,424.3,345.2,530.0,354.7
02.11.2022,23:15:49,424.2,346.7,529.7,354.8
02.11.2022,23:15:49,424.4,346.6,528.9,354.9
02.11.2022,23:15:49,424.6,346.9,528.2,355.1
02.11.2022,23:15:49,424.4,347.9,527.9,355.2
02.11.2022,23:15:49,425.1,348.0,527.1,355.4
02.11.2022,23:15:49,424.7,348.9,526.6,355.3
02.11.2022,23:20:12,424.6,348.8,525.9,355.3
02.11.2022,23:20:12,424.9,348.2,525.3,355.4
02.11.2022,23:20:12,425.3,348.5,524.7,355.7
02.11.2022,23:20:12,425.3,348.3,523.9,355.8
02.11.2022,23:20:12,424.9,350.4,523.6,355.8
02.11.2022,23:24:34,425.0,349.5,522.6,355.7
02.11.2022,23:24:34,425.4,350.9,522.7,356.1
02.11.2022,23:24:34,425.7,349.6,521.3,356.2
02.11.2022,23:24:34,425.8,351.2,521.3,356.3
02.11.2022,23:24:34,426.1,350.4,520.2,356.3
02.11.2022,23:24:34,426.1,352.0,520.3,356.6
02.11.2022,23:33:18,426.1,351.1,519.1,356.6
02.11.2022,23:33:18,426.1,352.6,518.7,356.6
02.11.2022,23:33:18,426.6,351.5,517.6,356.7
02.11.2022,23:33:18,426.7,350.9,516.8,356.8
02.11.2022,23:33:18,426.1,351.9,516.7,356.8
02.11.2022,23:33:18,426.5,353.9,516.1,356.9
02.11.2022,23:37:40,426.9,353.4,515.4,357.0
02.11.2022,23:37:40,426.8,353.5,514.8,357.0
02.11.2022,23:37:40,427.2,353.4,514.2,357.2
02.11.2022,23:37:40,426.9,354.5,513.7,357.2
02.11.2022,23:37:40,427.0,353.8,512.9,357.2
02.11.2022,23:42:02,427.1,354.6,512.4,357.3
02.11.2022,23:42:02,426.8,354.9,511.7,357.3
02.11.2022,23:42:02,427.5,353.3,510.4,357.4
02.11.2022,23:42:02,427.0,354.1,510.1,357.4
02.11.2022,23:42:02,426.9,355.2,509.6,357.6
02.11.2022,23:42:02,427.3,354.4,508.9,357.7
02.11.2022,23:50:47,427.5,354.1,507.8,357.8
02.11.2022,23:50:47,427.4,354.9,507.5,357.8
02.11.2022,23:50:47,427.6,355.9,507.0,357.9
02.11.2022,23:50:47,427.6,356.9,506.5,358.0
02.11.2022,23:50:47,427.6,355.9,505.6,358.0
02.11.2022,23:50:47,427.6,356.3,505.0,358.0
02.11.2022,23:55:09,427.9,356.2,504.4,358.1
02.11.2022,23:55:09,427.8,356.3,503.7,358.1
02.11.2022,23:55:09,428.0,356.6,503.1,358.2
02.11.2022,23:55:09,427.8,355.8,502.2,358.2
02.11.2022,23:55:09,427.9,355.3,501.3,358.2
02.11.2022,23:59:31,427.8,355.7,500.9,358.2
02.11.2022,23:59:31,427.9,357.1,500.6,358.3
02.11.2022,23:59:31,427.9,356.7,499.7,358.3
02.11.2022,23:59:31,427.9,354.8,498.7,358.6
02.11.2022,23:59:31,428.3,354.3,497.9,358.6
02.11.2022,23:59:31,427.7,356.5,497.7,358.6
03.11.2022,00:03:53,427.9,355.0,496.8,358.6
03.11.2022,00:03:53,427.8,357.9,496.8,358.6
03.11.2022,00:03:53,428.0,356.9,495.8,358.6
03.11.2022,00:03:53,428.0,355.6,494.8,358.6
03.11.2022,00:03:53,427.8,356.6,494.7,358.4
03.11.2022,00:12:37,428.1,356.7,493.9,358.7
03.11.2022,00:12:37,428.1,356.2,492.9,358.7
03.11.2022,00:12:37,427.3,357.7,492.9,358.6
03.11.2022,00:12:37,427.9,356.7,491.9,358.6
03.11.2022,00:12:37,427.6,357.8,491.6,358.6
03.11.2022,00:12:37,427.7,358.3,491.2,358.6
03.11.2022,00:16:59,427.9,357.3,490.1,358.7
03.11.2022,00:16:59,427.8,357.2,489.3,358.7
03.11.2022,00:16:59,427.8,358.6,489.2,358.7
03.11.2022,00:16:59,427.7,358.5,488.3,358.7
03.11.2022,00:16:59,427.7,358.0,487.4,358.6
03.11.2022,00:16:59,427.4,356.0,486.6,358.4
03.11.2022,00:21:22,427.6,356.8,486.1,358.4
03.11.2022,00:21:22,427.3,357.6,485.3,358.4
03.11.2022,00:21:22,427.0,357.8,485.4,358.2
03.11.2022,00:21:22,426.9,355.6,484.3,358.2
03.11.2022,00:21:22,426.9,358.2,484.2,358.3
03.11.2022,00:30:06,426.9,358.7,483.7,358.2
03.11.2022,00:30:06,427.3,356.7,482.3,358.3
03.11.2022,00:30:06,427.2,358.1,482.3,358.3
03.11.2022,00:30:06,427.6,358.2,481.4,358.4
03.11.2022,00:30:06,427.4,358.4,480.8,358.4
03.11.2022,00:30:06,427.5,357.4,479.8,358.4
03.11.2022,00:34:28,427.4,358.9,479.4,358.4
03.11.2022,00:34:28,426.7,358.0,478.9,358.1
03.11.2022,00:34:28,426.3,357.6,478.1,357.8
03.11.2022,00:34:28,426.5,359.4,477.9,357.9
03.11.2022,00:34:28,426.8,359.1,477.1,357.9
03.11.2022,00:34:28,426.9,359.4,476.6,358.1
03.11.2022,00:38:50,427.1,358.8,475.1,358.1
03.11.2022,00:38:50,426.6,359.6,475.1,357.8
03.11.2022,00:38:50,426.7,359.5,474.5,357.8
03.11.2022,00:38:50,426.8,358.6,473.6,357.8
03.11.2022,00:38:50,426.7,358.6,472.8,357.8
03.11.2022,00:43:12,426.6,360.1,472.5,357.7
03.11.2022,00:43:12,426.8,359.3,471.7,357.7
03.11.2022,00:43:12,426.3,358.6,470.6,357.6
03.11.2022,00:43:12,425.9,357.2,470.4,357.2
03.11.2022,00:43:12,425.9,357.8,470.1,357.2
03.11.2022,00:43:12,425.7,358.2,469.6,357.2
03.11.2022,00:51:57,426.1,358.1,468.6,357.3
03.11.2022,00:51:57,426.3,359.6,468.1,357.3
03.11.2022,00:51:57,425.7,359.6,467.5,356.9
03.11.2022,00:51:57,425.8,361.8,466.8,356.8
03.11.2022,00:51:57,425.8,360.1,466.1,356.7
03.11.2022,00:56:19,425.8,358.4,464.8,356.7
03.11.2022,00:56:19,425.9,360.1,464.9,356.7
03.11.2022,00:56:19,425.8,361.8,464.3,356.7
03.11.2022,00:56:19,425.8,357.9,462.6,356.4
03.11.2022,00:56:19,425.5,361.0,462.6,356.4
03.11.2022,00:56:19,425.4,360.3,461.8,356.4
03.11.2022,01:00:41,425.3,358.4,461.0,356.3
03.11.2022,01:00:41,425.0,359.7,460.6,356.3
03.11.2022,01:00:41,424.8,360.1,459.8,356.2
03.11.2022,01:00:41,425.0,358.8,458.8,356.1
03.11.2022,01:00:41,425.1,358.9,458.3,356.1
03.11.2022,01:00:41,424.8,360.9,458.3,356.1
03.11.2022,01:09:25,424.8,361.7,457.6,355.9
03.11.2022,01:09:25,424.9,360.7,456.8,355.9
03.11.2022,01:09:25,424.8,360.7,456.1,355.8
03.11.2022,01:09:25,424.8,359.3,454.6,355.8
03.11.2022,01:09:25,424.4,360.0,454.6,355.7
03.11.2022,01:13:47,424.4,360.3,453.7,355.6
03.11.2022,01:13:47,424.5,359.9,453.3,355.4
03.11.2022,01:13:47,424.2,360.7,452.6,355.4
03.11.2022,01:13:47,424.0,360.1,451.9,355.3
03.11.2022,01:13:47,423.9,360.7,451.3,355.1
03.11.2022,01:13:47,423.9,360.0,450.6,355.1
03.11.2022,01:18:09,423.8,360.3,450.2,355.0
03.11.2022,01:18:09,423.5,361.5,450.1,354.9
03.11.2022,01:18:09,423.6,360.1,448.4,354.8
03.11.2022,01:18:09,423.2,360.1,448.1,354.7
03.11.2022,01:18:09,423.1,361.8,447.6,354.6
03.11.2022,01:18:09,423.2,360.2,446.4,354.4
03.11.2022,01:22:32,423.0,360.4,445.8,354.3
03.11.2022,01:22:32,422.7,360.2,445.6,354.2
03.11.2022,01:22:32,422.7,360.9,444.9,354.2
03.11.2022,01:22:32,422.4,361.7,444.1,354.1
03.11.2022,01:22:32,422.6,360.3,443.2,353.9
03.11.2022,01:31:16,422.6,358.4,441.8,353.8
03.11.2022,01:31:16,422.1,360.1,441.8,353.6
03.11.2022,01:31:16,421.8,357.8,441.5,353.4
03.11.2022,01:31:16,421.9,359.4,440.8,353.4
03.11.2022,01:31:16,421.6,359.6,439.8,353.2
03.11.2022,01:31:16,421.3,359.9,439.4,353.1
03.11.2022,01:35:38,421.3,361.2,439.0,353.1
03.11.2022,01:35:38,421.2,359.9,437.8,352.8
03.11.2022,01:35:38,421.0,359.7,437.3,352.7
03.11.2022,01:35:38,420.8,359.7,436.7,352.6
03.11.2022,01:35:38,421.1,360.1,435.9,352.6
03.11.2022,01:40:00,421.1,360.2,435.3,352.6
03.11.2022,01:40:00,420.9,360.9,434.8,352.4
03.11.2022,01:40:00,420.8,360.7,433.6,352.3
03.11.2022,01:40:00,420.6,360.9,433.1,352.0
03.11.2022,01:40:00,420.3,360.8,432.8,351.8
03.11.2022,01:40:00,419.8,360.0,431.7,351.7
03.11.2022,01:48:44,419.9,360.7,431.2,351.6
03.11.2022,01:48:44,419.8,360.0,430.1,351.4
03.11.2022,01:48:44,419.6,358.9,429.7,351.3
03.11.2022,01:48:44,419.3,360.2,429.2,351.2
03.11.2022,01:48:44,418.9,360.4,428.8,350.8
03.11.2022,01:48:44,419.3,358.6,427.5,350.8
03.11.2022,01:53:07,419.3,359.7,427.1,350.8
03.11.2022,01:53:07,419.3,358.3,425.7,350.7
03.11.2022,01:53:07,419.0,357.8,425.3,350.6
03.11.2022,01:53:07,418.6,359.6,425.2,350.3
03.11.2022,01:53:07,418.8,358.2,423.8,350.3
03.11.2022,01:57:29,418.4,356.5,423.0,350.2
03.11.2022,01:57:29,418.3,356.1,422.3,350.0
03.11.2022,01:57:29,418.2,357.8,421.9,349.9
03.11.2022,01:57:29,418.1,359.9,421.5,349.8
03.11.2022,01:57:29,417.9,359.1,420.8,349.7
03.11.2022,01:57:29,417.8,359.2,420.1,349.6
03.11.2022,02:01:51,417.6,357.0,419.2,349.4
03.11.2022,02:01:51,417.3,358.2,418.8,349.2
03.11.2022,02:01:51,417.1,360.2,418.5,349.1
03.11.2022,02:01:51,416.9,360.4,417.9,348.9
03.11.2022,02:01:51,416.4,357.8,417.2,348.7
03.11.2022,02:01:51,416.2,359.2,416.7,348.4
03.11.2022,02:10:35,416.0,357.9,415.7,348.3
03.11.2022,02:10:35,416.0,356.9,414.7,348.2
03.11.2022,02:10:35,415.7,358.3,414.3,348.1
03.11.2022,02:10:35,415.3,359.4,414.0,347.8
03.11.2022,02:10:35,415.0,358.6,413.2,347.6
03.11.2022,02:14:57,415.0,356.3,411.9,347.5
03.11.2022,02:14:57,414.8,357.1,411.4,347.4
03.11.2022,02:14:57,414.6,355.9,410.4,347.3
03.11.2022,02:14:57,414.3,357.9,410.5,347.1
03.11.2022,02:14:57,413.9,358.9,410.3,346.9
03.11.2022,02:14:57,414.0,358.7,409.4,346.8
03.11.2022,02:19:19,413.4,358.8,408.5,346.6
03.11.2022,02:19:19,413.2,355.8,407.6,346.3
03.11.2022,02:19:19,412.9,357.8,407.7,346.1
03.11.2022,02:19:19,413.1,358.2,406.7,346.1
03.11.2022,02:19:19,412.8,357.5,405.8,345.9
03.11.2022,02:28:04,412.4,355.7,405.6,345.7
03.11.2022,02:28:04,412.3,356.7,404.6,345.4
03.11.2022,02:28:04,412.1,355.8,403.9,345.3
03.11.2022,02:28:04,411.9,355.0,402.8,345.2
03.11.2022,02:28:04,411.6,353.8,402.2,345.0
03.11.2022,02:28:04,411.3,353.1,401.6,344.8
03.11.2022,02:32:26,410.9,354.2,401.4,344.6
03.11.2022,02:32:26,410.8,355.7,400.8,344.5
03.11.2022,02:32:26,410.6,356.7,400.6,344.2
03.11.2022,02:32:26,410.6,357.1,399.8,344.2
03.11.2022,02:32:26,410.4,357.3,399.2,344.1
03.11.2022,02:32:26,410.1,357.9,398.6,343.8
03.11.2022,02:36:48,409.9,355.9,397.5,343.6
03.11.2022,02:36:48,409.4,357.6,397.3,343.3
03.11.2022,02:36:48,409.4,356.9,396.6,343.3
03.11.2022,02:36:48,409.4,357.0,395.6,343.1
03.11.2022,02:36:48,408.9,355.8,394.7,342.8
03.11.2022,02:41:10,408.7,354.7,394.0,342.7
03.11.2022,02:41:10,408.4,354.6,393.3,342.4
03.11.2022,02:41:10,408.2,357.4,393.5,342.2
03.11.2022,02:41:10,407.8,358.2,392.9,341.9
03.11.2022,02:41:10,407.5,357.9,392.1,341.8
03.11.2022,02:41:10,407.4,357.5,391.3,341.6
03.11.2022,02:49:54,407.2,353.9,389.9,341.5
03.11.2022,02:49:54,407.1,354.1,389.3,341.4
03.11.2022,02:49:54,406.7,355.4,389.1,341.1
03.11.2022,02:49:54,406.7,355.1,388.3,341.0
03.11.2022,02:49:54,406.1,356.6,388.2,340.7
03.11.2022,02:49:54,406.1,356.1,387.1,340.5
03.11.2022,02:54:17,406.0,354.9,386.4,340.4
03.11.2022,02:54:17,405.8,353.4,385.1,340.3
03.11.2022,02:54:17,405.7,355.1,384.9,340.1
03.11.2022,02:54:17,405.5,356.6,384.4,340.0
03.11.2022,02:54:17,405.1,355.2,383.5,339.7
03.11.2022,02:58:39,404.8,353.8,382.5,339.6
03.11.2022,02:58:39,404.6,354.1,382.1,339.3
03.11.2022,02:58:39,404.4,353.5,381.3,339.2
03.11.2022,02:58:39,404.1,354.6,380.9,338.9
03.11.2022,02:58:39,403.8,354.8,380.2,338.8
03.11.2022,02:58:39,403.6,354.6,379.4,338.6
03.11.2022,03:07:23,403.3,353.8,378.8,338.3
03.11.2022,03:07:23,402.9,354.2,378.2,338.2
03.11.2022,03:07:23,402.5,353.7,377.6,337.9
03.11.2022,03:07:23,402.5,354.2,377.4,337.8
03.11.2022,03:07:23,402.3,352.6,376.2,337.7
03.11.2022,03:11:45,401.8,353.1,375.8,337.3
03.11.2022,03:11:45,401.5,354.1,375.5,337.1
03.11.2022,03:11:45,401.3,353.8,374.7,337.0
03.11.2022,03:11:45,401.0,352.7,373.6,336.7
03.11.2022,03:11:45,400.9,351.6,373.0,336.6
03.11.2022,03:11:45,400.7,353.2,372.8,336.4
03.11.2022,03:16:07,400.6,351.6,371.4,336.3
03.11.2022,03:16:07,400.1,353.3,371.6,335.9
03.11.2022,03:16:07,399.8,351.4,370.2,335.8
03.11.2022,03:16:07,399.4,352.2,370.2,335.6
03.11.2022,03:16:07,399.4,352.2,369.5,335.4
03.11.2022,03:16:07,399.2,352.9,369.0,335.2
03.11.2022,03:20:29,398.8,352.8,368.2,335.1
03.11.2022,03:20:29,398.7,350.6,367.2,334.8
03.11.2022,03:20:29,398.5,352.1,366.7,334.7
03.11.2022,03:20:29,398.1,351.2,365.9,334.4
03.11.2022,03:20:29,397.9,350.7,365.1,334.3
03.11.2022,03:29:14,397.4,350.6,364.9,334.0
03.11.2022,03:29:14,397.2,352.2,364.3,333.8
03.11.2022,03:29:14,396.9,351.4,363.6,333.6
03.11.2022,03:29:14,396.7,349.6,362.7,333.5
03.11.2022,03:29:14,396.2,348.6,361.7,333.2
03.11.2022,03:29:14,396.2,349.4,361.6,333.1
03.11.2022,03:33:36,396.0,350.1,361.1,332.8
03.11.2022,03:33:36,395.8,350.0,360.3,332.7
03.11.2022,03:33:36,395.5,349.4,359.6,332.4
03.11.2022,03:33:36,395.1,349.1,358.9,332.2
03.11.2022,03:33:36,394.7,349.5,358.4,331.9
03.11.2022,03:33:36,394.5,349.4,357.9,331.8
03.11.2022,03:37:58,394.3,347.8,356.8,331.7
03.11.2022,03:37:58,394.0,348.2,356.6,331.6
03.11.2022,03:37:58,393.8,349.2,356.1,331.3
03.11.2022,03:37:58,393.6,348.0,355.1,331.1
03.11.2022,03:37:58,393.3,349.2,354.7,331.0
03.11.2022,03:46:42,393.1,348.7,354.0,330.8
03.11.2022,03:46:42,392.5,348.9,353.4,330.5
03.11.2022,03:46:42,392.4,347.8,352.7,330.4
03.11.2022,03:46:42,392.1,346.4,351.8,330.1
03.11.2022,03:46:42,391.7,348.1,351.7,329.9
03.11.2022,03:46:42,391.5,347.8,351.0,329.8
03.11.2022,03:51:04,391.1,349.0,350.7,329.6
03.11.2022,03:51:04,390.8,348.7,349.8,329.3
03.11.2022,03:51:04,390.7,348.4,349.2,329.2
03.11.2022,03:51:04,390.3,348.8,348.7,328.9
03.11.2022,03:51:04,390.0,347.1,347.7,328.7
03.11.2022,03:55:27,389.8,347.4,347.2,328.6
03.11.2022,03:55:27,389.4,347.7,346.5,328.4
03.11.2022,03:55:27,389.2,346.7,345.9,328.2
03.11.2022,03:55:27,388.8,347.4,345.3,327.9
03.11.2022,03:55:27,388.6,347.2,344.8,327.7
03.11.2022,03:55:27,388.3,346.3,343.9,327.4
03.11.2022,03:59:49,387.9,345.7,343.1,327.3
03.11.2022,03:59:49,387.5,345.7,342.4,327.1
03.11.2022,03:59:49,387.1,345.1,341.9,326.9
03.11.2022,03:59:49,386.8,345.2,341.6,326.6
03.11.2022,03:59:49,386.3,346.6,341.6,326.3
03.11.2022,03:59:49,386.3,346.1,340.9,326.2
03.11.2022,04:08:33,386.2,345.5,340.2,326.1
03.11.2022,04:08:33,385.9,346.4,339.7,325.8
03.11.2022,04:08:33,385.7,345.7,338.7,325.7
03.11.2022,04:08:33,385.3,343.0,337.6,325.4
03.11.2022,04:08:33,384.4,345.3,337.5,325.1
03.11.2022,04:12:55,384.3,343.7,336.8,324.8
03.11.2022,04:12:55,384.3,343.9,336.3,324.7
03.11.2022,04:12:55,384.0,344.4,335.7,324.6
03.11.2022,04:12:55,383.5,342.7,334.8,324.3
03.11.2022,04:12:55,383.1,343.6,334.5,324.1
03.11.2022,04:12:55,382.8,342.5,334.1,323.9
03.11.2022,04:17:17,382.5,343.4,333.7,323.5
03.11.2022,04:17:17,382.3,342.9,333.1,323.4
03.11.2022,04:17:17,382.0,342.6,332.1,323.1
03.11.2022,04:17:17,381.7,344.1,332.2,322.9
03.11.2022,04:17:17,381.4,342.6,331.3,322.7
03.11.2022,04:17:17,381.1,343.4,330.8,322.6
03.11.2022,04:26:02,380.7,344.2,330.3,322.2
03.11.2022,04:26:02,380.6,342.7,329.4,322.1
03.11.2022,04:26:02,380.3,341.3,328.8,321.8
03.11.2022,04:26:02,379.7,343.2,328.6,321.6
03.11.2022,04:26:02,379.5,342.3,327.6,321.3
03.11.2022,04:30:24,379.2,342.9,327.2,321.1
03.11.2022,04:30:24,379.1,343.1,326.7,320.9
03.11.2022,04:30:24,378.6,343.6,326.3,320.6
03.11.2022,04:30:24,378.3,343.1,325.5,320.5
03.11.2022,04:30:24,378.1,343.1,324.6,320.2
03.11.2022,04:30:24,377.6,343.0,324.1,320.0
03.11.2022,04:34:46,377.4,342.9,323.6,319.7
03.11.2022,04:34:46,377.1,342.6,322.9,319.6
03.11.2022,04:34:46,376.8,342.4,322.4,319.3
03.11.2022,04:34:46,376.4,343.1,321.8,318.9
03.11.2022,04:34:46,376.2,340.8,320.6,318.8
03.11.2022,04:39:08,375.9,340.6,320.1,318.6
03.11.2022,04:39:08,375.6,340.2,319.4,318.4
03.11.2022,04:39:08,375.2,340.1,319.0,318.2
03.11.2022,04:39:08,375.0,340.1,318.3,318.0
03.11.2022,04:39:08,374.6,338.9,317.7,317.7
03.11.2022,04:39:08,374.0,339.3,317.0,317.5
03.11.2022,04:47:52,373.9,339.2,316.5,317.2
03.11.2022,04:47:52,373.6,336.9,315.8,317.1
03.11.2022,04:47:52,373.2,337.7,315.2,316.9
03.11.2022,04:47:52,372.8,336.4,314.4,316.6
03.11.2022,04:47:52,372.7,337.7,314.2,316.4
03.11.2022,04:47:52,372.4,338.3,313.8,316.2
03.11.2022,04:52:14,372.1,338.3,313.1,316.0
03.11.2022,04:52:14,371.8,336.9,312.2,315.9
03.11.2022,04:52:14,371.5,338.2,312.0,315.5
03.11.2022,04:52:14,370.9,338.9,311.4,315.2
03.11.2022,04:52:14,370.8,338.1,310.9,315.1
03.11.2022,04:56:37,370.3,338.6,310.4,314.8
03.11.2022,04:56:37,370.0,337.5,309.7,314.6
03.11.2022,04:56:37,369.7,336.9,308.8,314.3
03.11.2022,04:56:37,369.3,338.3,308.4,314.1
03.11.2022,04:56:37,369.2,337.8,308.1,313.9
03.11.2022,04:56:37,368.8,338.1,307.4,313.7
03.11.2022,05:05:21,368.4,338.1,306.9,313.4
03.11.2022,05:05:21,368.0,337.8,306.4,313.2
03.11.2022,05:05:21,367.6,337.8,305.9,312.9
03.11.2022,05:05:21,367.4,337.6,305.4,312.8
03.11.2022,05:05:21,367.1,336.8,304.5,312.6
03.11.2022,05:05:21,366.4,338.2,304.4,312.2
03.11.2022,05:09:43,366.2,337.2,303.8,311.9
03.11.2022,05:09:43,366.1,336.9,303.3,311.7
03.11.2022,05:09:43,365.5,336.9,302.9,311.4
03.11.2022,05:09:43,365.4,336.4,302.1,311.3
03.11.2022,05:09:43,365.0,334.7,300.9,311.1
03.11.2022,05:14:05,364.8,335.0,301.0,311.0
03.11.2022,05:14:05,364.5,335.4,300.6,310.7
03.11.2022,05:14:05,364.1,336.1,300.0,310.5
03.11.2022,05:14:05,363.7,335.6,299.8,310.1
03.11.2022,05:14:05,363.3,335.4,299.1,309.8
03.11.2022,05:14:05,362.9,335.1,298.7,309.6
03.11.2022,05:18:27,362.7,334.8,298.1,309.2
03.11.2022,05:18:27,362.4,335.2,297.4,309.1
03.11.2022,05:18:27,362.2,334.3,296.7,308.8
03.11.2022,05:18:27,361.9,332.9,295.5,308.6
03.11.2022,05:18:27,361.1,334.2,295.2,308.2
03.11.2022,05:27:12,360.9,333.9,294.6,308.0
03.11.2022,05:27:12,360.7,334.0,294.1,307.8
03.11.2022,05:27:12,360.3,333.7,293.4,307.5
03.11.2022,05:27:12,360.1,332.9,292.9,307.4
03.11.2022,05:27:12,359.5,333.2,292.7,307.1
03.11.2022,05:27:12,359.1,333.7,292.2,306.7
03.11.2022,05:31:34,358.8,333.1,291.7,306.4
03.11.2022,05:31:34,358.6,332.8,291.0,306.2
03.11.2022,05:31:34,358.5,331.4,290.1,306.1
03.11.2022,05:31:34,358.2,332.9,290.1,305.8
03.11.2022,05:31:34,358.1,331.8,289.2,305.7
03.11.2022,05:31:34,357.4,331.3,289.2,305.3
03.11.2022,05:35:56,356.9,331.1,287.9,305.1
